,date,user_name,user_id,user_location,id_tweet,favorites,retweets,hashtags,text
0,2021-04-07 13:52:52,jcuecam,217779492,EspaÃ±a,1379794306215641088,1,1,[],"GuÃ­a de vacunaciÃ³n en AragÃ³n: cuÃ¡ndo, quÃ© grupos, con quÃ© vacunas y cÃ³mo pedir cita via @heraldoes https://t.co/YWnpzT3wfP"
1,2021-04-07 13:40:00,eeb_ove,1219941855871356928,Bilbao,1379791066618941443,0,0,[],"ğŸ“¢ Estas son algunas de las preguntas que le hemos hecho a Sara de la Rica, @saradelarica . Conoce las respuestas en nuestro blog.

2âƒ£ Â¿Cree que las lanzaderas de empleo son necesarias para el empleo y el emprendimiento?

Blog ğŸ‘‰https://t.co/jTwtYbCEqO https://t.co/FW96DXrE97"
2,2021-04-07 10:25:31,heraldoes,15581283,"AragÃ³n, EspaÃ±a",1379742126284677120,2,2,[],"ğŸ‘‰ GuÃ­a de vacunaciÃ³n en AragÃ³n: cuÃ¡ndo, quÃ© grupos, con quÃ© vacunas y cÃ³mo pedir cita https://t.co/DoZfCSwpEy"
3,2021-04-06 12:39:00,eeb_ove,1219941855871356928,Bilbao,1379413327621844993,0,1,[],"ğŸ“¢ Estas son algunas de las preguntas que le hemos hecho a Sara de la Rica, @saradelarica . Conoce las respuestas en nuestro blog.

1âƒ£ Â¿Deben las instituciones impulsar la innovaciÃ³n y el emprendimiento?

Blog ğŸ‘‰https://t.co/jTwtYbUfPo https://t.co/Jz39dXDh7V"
4,2021-04-06 10:45:07,Amor_y_Rabia,1454728183,Valladolid,1379384668341088258,1,0,[],"FESTIVAL DEL HUMOR NEGRO: En lugar de retirar la vacuna de Coronavirus a la vista del nÃºmero de muertes por trombosis, la UE acepta que cambie su nombre a Vaxzevria (eliminando toda referencia a la Universidad de Oxford)
1) https://t.co/IscfxYOICv
2) https://t.co/Sc1SO9anAJ https://t.co/81VMeuvmzA"
5,2021-04-06 08:30:00,eeb_ove,1219941855871356928,Bilbao,1379350665412153345,3,1,"[{'text': 'eebove', 'indices': [206, 213]}, {'text': 'emprendimiento', 'indices': [214, 229]}, {'text': 'saradelarica', 'indices': [230, 243]}, {'text': 'pandemia', 'indices': [244, 253]}, {'text': 'covid19', 'indices': [254, 262]}, {'text': 'VacunaCOVID19', 'indices': [263, 277]}]","ğŸ‘¥ Hablamos con Sara de la Rica,@saradelarica, Directora de la FundaciÃ³n @iseak_eu: ""Por fin, veo la salida del tÃºnel gracias a la vacunaciÃ³n"".

Entrevista completa en nuestro blogğŸ‘‰ https://t.co/jTwtYbUfPo

#eebove #emprendimiento #saradelarica #pandemia #covid19 #VacunaCOVID19 https://t.co/UQhIe2rkU3"
6,2021-04-06 07:00:46,hugose75,2513326138,"Cuenca, EspaÃ±a",1379328208877801474,1,0,[],"@CarmenC29477661 SegÃºn el calendario realizado por el gobierno central estÃ¡is en el grupo 5C, vamos, que aÃºn os queda.
GRUPO 5C. Personas de entre 60 a 69 aÃ±os.
https://t.co/3Vmn4KiOeS

https://t.co/9Ok9JANIYa"
7,2021-04-05 07:37:07,Menttegato,324807720,Madrid,1378974969854619654,0,0,[],"@bernal_enrique A pesar del Ã©xito de la vacunaciÃ³n, HungrÃ­a establece un rÃ©cord diario de muertes por COVID https://t.co/cHswmQvhhx"
8,2021-04-05 06:00:00,FNALCER,277907839,Madrid,1378950530974642176,4,0,[],"ğ„ğ’ğ“ğ‘ğ€ğ“ğ„ğ†ğˆğ€ ğƒğ„ ğ•ğ€ğ‚ğ”ğğ€ğ‚ğˆÃ“ğ ğ…ğ‘ğ„ğğ“ğ„ ğ€ ğ‚ğğ•ğˆğƒ-ğŸğŸ— ğ„ğ ğ„ğ’ğğ€Ã‘ğ€ (ğ€ğ‚ğ“ğ”ğ€ğ‹ğˆğ™ğ€ğ‚ğˆÃ“ğ ğŸ‘ğŸ ğŒğ€ğ‘ğ™ğ ğƒğ„ ğŸğŸğŸğŸ)
https://t.co/95M2ZTHuVy
@facme_es https://t.co/1Cj6a1rMq6"
9,2021-04-04 17:24:56,dnja40,279488995,"Alicante, EspaÃ±a",1378760509646835712,1,1,[],La vacuna de AstraZeneca cambia de nombre: ahora se llama Vaxzevria https://t.co/3aWP6uR0nx
10,2021-04-04 08:00:01,SAGOAndalucia,751152274727170048,"AndalucÃ­a, EspaÃ±a",1378618346388795402,2,2,"[{'text': 'embarazo', 'indices': [140, 149]}, {'text': 'COVID19', 'indices': [150, 158]}, {'text': 'VacunaCovid', 'indices': [159, 171]}, {'text': 'obstetricia', 'indices': [172, 184]}, {'text': 'ginecologia', 'indices': [185, 197]}, {'text': 'ginecologiayobstetricia', 'indices': [198, 222]}]","âš Por quÃ© no deberÃ­as intentar el embarazo tras ponerte la vacuna ğŸ’‰ contra la COVID-19 y cuÃ¡nto tienes que esperar

https://t.co/tfnmZFiOni

#embarazo #COVID19 #VacunaCovid #obstetricia #ginecologia #ginecologiayobstetricia"
11,2021-04-04 07:59:32,soler_kike,1716194252,"Valencia, EspaÃ±a",1378618221251690498,2,2,[],Sanidad fija criterios para la vacuna de Janssen y actualiza la ampliaciÃ³n de edad para la de AstraZeneca | @diariofarma https://t.co/3Zw4dtO8NR
12,2021-04-04 06:00:00,cadenaser_avila,364802195,"Ãvila, Castilla y LeÃ³n, EspaÃ±a",1378588142454775810,0,1,"[{'text': 'Ãvila', 'indices': [81, 87]}]","â€¼ï¸IMPORTANTEâ€¼ï¸
Si has nacido en 1956 acude hoy domingo al Hospital Provincial de #Ãvila para recibir la vacuna contra el Covid
Consulta los detalles â¬‡â¬‡â¬‡
https://t.co/hsx5hd3jlE"
13,2021-04-04 05:05:55,PresidenteANEI,110983713,Madrid,1378574529841205253,1,0,[],Ya hay vacuna para la pandemia de los ciberataques https://t.co/G5UtgohHJn a travÃ©s de @elpais_retina
14,2021-04-03 22:29:43,FLMIRONES,2435227451,"Madrid, EspaÃ±a",1378474824029380610,606,491,"[{'text': 'MIRONEWS', 'indices': [0, 9]}]","#MIRONEWS HungrÃ­a estÃ¡ sufriendo un aumento devastador de muertes por COVID-19, â€œa pesar de que tiene la tasa de vacunaciÃ³n mÃ¡s alta de la UniÃ³n Europeaâ€ Un aullido
Despite vaccination success, Hungary sets daily record COVID deaths | Euronews https://t.co/TebLYaUi3G"
15,2021-04-03 16:18:05,Macalisg,1022545867,"Segovia, EspaÃ±a",1378381297714860032,0,0,[],"@JoseMazarias Si, exactamente lo contrario que ha decidido la sanidad alemana ante los diferentes casos de muertes por trombos.
Sois unos cracks @Salud_JCYL https://t.co/77u7MEm9q1"
16,2021-04-03 06:33:02,RadioLeonSER,461833396,LeÃ³n - EspaÃ±a,1378234065053224962,6,2,[],"â€¼ï¸ Si has nacido en los aÃ±os 56 y 57, hoy puedes participar en la vacunaciÃ³n masiva de LeÃ³n.

HabrÃ¡ largas colas, asÃ­ que recuerda ir preparado ğŸŒ â˜‚ï¸ ğŸª‘ğŸ¥¤

AquÃ­ tienes los detalles ğŸ‘‡ğŸ»

https://t.co/xgfuOanmxr"
17,2021-04-02 22:10:50,jtlic,93291540,"Madrid, Comunidad de Madrid",1378107682478026755,0,0,[],"El desprecio de la dictadura chavista a los venezolanos.

- Publica que 95% de los mÃ©dicos cubanos en ğŸ‡»ğŸ‡ª ya estÃ¡n vacunados.

- Sabotea la vacunaciÃ³n de los venezolanos al frenar la llegada de vacunas (mecanismo COVAX-OPS).

Ya ni engaÃ±an, solo someten.

https://t.co/dz3Wz1inDk"
18,2021-04-02 21:15:59,Pipo_242,394375840,"Madrid, EspaÃ±a",1378093881661734927,1,0,[],"Un error humano arruinÃ³ 15 millones de dosis de la vacuna contra el COVID-19 de Johnson &amp; Johnson en Estados Unidos y retrasarÃ¡ partidas futuras
https://t.co/IA0hyS3Xzn"
19,2021-04-02 21:12:59,RosaAbasoloGald,498938566,"Sevilla, EspaÃ±a",1378093125864984580,0,0,[],Calendario de vacunaciÃ³n del Covid: grupos y vacunas https://t.co/tFcI0BH7UL
20,2021-04-02 19:07:24,013Burgos,1700521778,Madrid,1378061519594872839,0,0,[],"La otra vacuna, la vacuna contra el Islam https://t.co/yaXnqK7cyU"
21,2021-04-02 19:00:03,GutierrezAguilo,1231283227882594304,Madrid,1378059673744592896,0,0,[],Recientes noticias positivas de Pfizer y BioNTech con respecto a estudio en fase 3 de su vacuna en adolescentes 12-15 aÃ±os  (Moderna tambiÃ©n ha realizado ensayo). El ensayo de fase 3 inscribiÃ³ a 2260 adolescentes y se realizÃ³ compaâ€¦https://t.co/EaVjCLijBa https://t.co/AeOC6IC1Vc
22,2021-04-02 17:50:24,murielembryo,865513353539600384,"Madrid, Comunidad de Madrid",1378042141792952323,8,0,[],"Entre las razones por las que nos ha ido tan mal en la vacunaciÃ³n no se habla de que no se ha invertido en una vacuna espaÃ±ola. Es todavÃ­a peor, hay cientÃ­ficos trabajando en COVID sin vacunar.
Es el desprecio mÃ¡ximo a la ciencia desde todos los Ã¡mbitos. https://t.co/cMT9f2WyN3"
23,2021-04-02 15:30:50,jlandreu2014,2252358607,Madrid. EspaÃ±a,1378007021681790977,4,2,[],Pues estÃ¡ la cosa como para tirar 15 millones de dosis de vacuna COVID https://t.co/Nn9VIG8lSa
24,2021-04-02 08:01:17,PensionesLogro,1034505316883410944,LogroÃ±o,1377893888132808707,0,2,[],â€˜Ayer tampoco habÃ­a vacuna para Ã©lâ€™ - https://t.co/DJSn1p78y4
25,2021-04-02 07:35:15,flordepascua12,988935692,Valladolid,1377887336256712707,3,4,"[{'text': 'CubaSalvaVidas', 'indices': [0, 15]}]","#CubaSalvaVidas 
Imposible ocultarlo: El diario estadounidense, The New York Times, seÃ±ala como un logro cientÃ­fico de primer orden la vacuna cubana Soberana 2 contra el Covid-19
https://t.co/G8yo9j4ACr"
26,2021-04-02 04:45:35,davisow,1367022165858648070,"El Escorial, Madrid",1377844640213299202,0,0,[],"Margarita Robles recibirÃ¡ este jueves la vacuna contra el Covid-19

https://t.co/WQGOCowRsy"
27,2021-04-01 23:11:39,adolfoplasencia,156705052,Valencia | Spain,1377760599166291970,0,0,[],"Rusia presenta la primera vacuna del mundo contra el coronavirus para perros, gatos y otros animales: https://t.co/lJWzaJSm7O"
28,2021-04-01 21:35:09,Jesubs,312775203,Talavera | Salamanca ,1377736317581340681,4,0,"[{'text': 'COVID19', 'indices': [27, 35]}]","31/03/2021
Vacunado contra #COVID19 âœ…
Gracias a todas las personas que estÃ¡n haciendo posible esta vacunaciÃ³n, porque juntos estamos mÃ¡s cercağŸ’ª https://t.co/IWWvlh1EhT"
29,2021-04-01 21:12:45,Alpanpan11,3759142703,"Comunidad de Madrid, EspaÃ±a",1377730679560110080,0,0,[],"@jmdelalamo @corralcpedro Del artÃ­culo de hoy en NYtimes, acerca de los problemas de producciÃ³n de la vacuna en EEUU, donde se utiliza ya para vacunar a adultos de cualquier edad. AquÃ­ hasta fin de mes ni empezamos a olerla https://t.co/ZbEYim4A6x"
30,2021-04-01 19:39:23,el_pais,7996082,Madrid,1377707183723450375,267,26,[],"DIRECTO | La ministra de Defensa, Margarita Robles, de 64 aÃ±os, ha recibido la vacuna de AstraZeneca en el estadio Wanda Metropolitano. Es la segunda integrante del Gobierno en recibirla. El primero fue Miquel Iceta https://t.co/AHpM9gYt7X https://t.co/AftwOSm9XP"
31,2021-04-01 19:19:55,prunus_celtis,1272241339808321538,MADRID,1377702283484532738,3,2,[],"No digas mentiras Gabilondo, que sabes que estÃ¡ mal. Madrid vacuna en Semana Santa. No te dejarÃ¡ dormir tÃº conciencia.

Gabilondo enfanga la campaÃ±a por el parÃ³n de las vacunas en mayores de 80.
 https://t.co/ATijKXsO6w"
32,2021-04-01 15:49:56,PsoeGetafe,17655182,"Getafe, Madrid, Spain",1377649439884591104,16,15,"[{'text': 'GobernarEnSerio', 'indices': [129, 145]}]",â¤ï¸/@equipoGabilondo reclama al Gobierno que no suspenda la vacunaciÃ³n de mayores y grandes dependientes durante la Semana Santa. #GobernarEnSerio https://t.co/J1w9rxEaQv
33,2021-04-01 15:49:03,ferlomu2,160976665,Madrid (EspaÃ±a),1377649215292243974,1,0,[],Gabilondo reclama a la Comunidad de Madrid que no suspenda la vacunaciÃ³n de mayores y grandes dependientes durante la Semana Santa https://t.co/gFJigH6L5i
34,2021-04-01 14:43:10,el_pais,7996082,Madrid,1377632636190003206,796,310,[],"DIRECTO | Pfizer confirma que su vacuna de la covid-19 protege durante al menos 6 meses
https://t.co/AHpM9gYt7X https://t.co/cWuDoxmvTW"
35,2021-04-01 14:36:05,deia_eus,107460646,Bilbao,1377630855737266183,14,7,"[{'text': 'Ezkerraldea', 'indices': [135, 147]}, {'text': 'Enkarterri', 'indices': [149, 160]}, {'text': 'Uribe', 'indices': [163, 169]}]","ğŸ’‰ Ya estÃ¡ todo listo en @BEC_Bilbao para que comience ""este fin de semana"", la vacunaciÃ³n masiva de las personas menores de 65 aÃ±os de #Ezkerraldea, #Enkarterri y #Uribe.

ğŸ‘‰ MÃ¡s informaciÃ³n en: https://t.co/OHnzmOXg6S https://t.co/MAzqO1bPV6"
36,2021-04-01 13:40:13,Vicent_Spain,1057923606,Granada (Spain),1377616794417037315,0,0,[],"Debe EspaÃ±a seguir con el ejemplo de Alemania y evitar peligrosos efectos secundarios? Yo creo que sÃ­:
Alemania solo vacunarÃ¡ con AstraZeneca a mayores de 60 aÃ±os https://t.co/qjuR8r34fx a travÃ©s de @el_pais"
37,2021-04-01 13:03:22,Pipo_242,394375840,"Madrid, EspaÃ±a",1377607522002083841,1,0,[],"Ya hay vacuna para la pandemia de los ciberataques
https://t.co/6z6zf7FX3X"
38,2021-04-01 11:36:02,albacete,6444772,"Albacete,EspaÃ±a",1377585544625061890,1,1,[],"El Ministerio de Sanidad publica por primera vez el avance de la inmunizaciÃ³n por edades. Un 70,8% de los ancianos ha recibido al menos una dosis

VacunaciÃ³n en EspaÃ±a
 https://t.co/fxZR5FeQX2"
39,2021-04-01 11:21:52,raulgarvDev,123653547,"Madrid, Comunidad de Madrid",1377581979244363776,0,0,[],"Carnivac-cov: Rusia registra una vacuna contra la covid-19 para animales | Ciencia | EL PAÃS 

â¤ï¸â¤ï¸â¤ï¸â¤ï¸â¤ï¸â¤ï¸â¤ï¸â¤ï¸â¤ï¸â¤ï¸â¤ï¸ https://t.co/D1BQ9nJ9rk"
40,2021-04-01 10:45:02,Cuerpospolicia1,1081535986948034561,Madrid.,1377572708800684034,1,1,[],"Vacuna contra el coronavirus: Abril, el despegue de la inmunizaciÃ³n https://t.co/URkTOxVGxi"
41,2021-04-01 10:27:13,MA_Campano,605174671,"Sevilla, EspaÃ±a",1377568226004107264,35,18,"[{'text': 'SARSCoV2', 'indices': [43, 52]}]","Los virÃ³logos y expertos que investigan el #SARSCoV2

âŒNO estÃ¡n VACUNADOS

ğŸ”´Algunos se exponen en recogidas de muestras en hospitales y en laboratorios de NCB3
ğŸ”´Incluye a los desarrolladores de la vacuna espaÃ±ola
ğŸ”´Su cuarentena frenaria el desarrollo

https://t.co/K5taAzqQ0w https://t.co/sRiJ6PbK0n"
42,2021-04-01 10:01:50,_carloscam_,45929364,Madrid,1377561835281481728,1,0,"[{'text': 'COVID19', 'indices': [150, 158]}]","QuÃ© buenas noticias de AndalucÃ­a, donde casi la totalidad de las personas mayores de 80 aÃ±os han recibido, al menos, una dosis de la vacuna contra el #COVID19. https://t.co/kY7y2U59iV via @el_pais"
43,2021-04-01 09:51:00,salvadorsanvil1,2589003921,***SALAMANCA***,1377559109738856448,2,2,[],"Ãšltimas noticias del coronavirus, en directo | La OMS ve â€œinaceptablemente lentoâ€ el ritmo de vacunaciÃ³n en Europa via @el_pais https://t.co/qNqRYp1kxP"
44,2021-04-01 08:59:22,JavierAyusoC,1288377086,Madrid,1377546117689249792,50,11,[],"Mi artÃ­culo de hoy en â¦@expansioncomâ© . Ayer recibÃ­ la primera dosis de la vacuna AstraZeneca contra el COVID-19. En la cola del Wanda primaba la esperanza frente a la tristeza, el hartazgo y el miedo. Hay que acelerar la vacunaciÃ³n en EspaÃ±a. https://t.co/1M7xICXKXf"
45,2021-04-01 08:53:31,TomasPereda,128535420,Madrid,1377544644448358403,1,0,[],"Mientras haya dosis, la vacunaciÃ³n tiene que seguir para todos los colectivos y en todos los centros, las 24 horas de los 7 dÃ­as de la semana. El virus no entiende de descansos

En @elconfidencial: Ayuso y Gabilondo enfangan la campaÃ±a por el parÃ³n vacunal https://t.co/LW4oOGI5ST"
46,2021-04-01 08:51:55,elmundoand,108562054,Sevilla ,1377544240201408513,0,2,[],"El objetivo del Gobierno de vacunar al 80% de los mayores de 80 aÃ±os antes de abril fracasa por la falta de dosis. AndalucÃ­a, entre las comunidades que llevan la vacunaciÃ³n mÃ¡s avanzada en esa franja de edad. https://t.co/IDiWMdZabX"
47,2021-04-01 08:23:15,el_pais,7996082,Madrid,1377537026812182530,996,334,[],DIRECTO | La OMS ve â€œinaceptablemente lentoâ€ el ritmo de vacunaciÃ³n en Europa https://t.co/AHpM9gYt7X https://t.co/tOh6XacUDI
48,2021-04-01 07:52:11,hacaran,242467413,"PaÃ­s Vasco, EspaÃ±a",1377529210919661569,0,0,[],Cogiendo ritmo con las vacunaciones. Margarita Robles recibirÃ¡ la vacuna el Jueves Santo en el Wanda Metropolitano https://t.co/SbnLLL7HLU
49,2021-04-01 07:40:20,vdiazm1_diaz,993273217,Murcia,1377526228052217857,0,0,[],La Agencia Europea del Medicamento insiste en que no hay vÃ­nculo entre los trombos y la vacuna de AstraZeneca https://t.co/BOC8FNbv5U a travÃ©s de @diariolaopinion
50,2021-04-01 07:30:00,elindepcom,743456072673992704,"Madrid, Comunidad de Madrid",1377523625859813379,1,1,[],â¡ De AndalucÃ­a a CataluÃ±a: asÃ­ va la vacunaciÃ³n por tramos de edad en todas las comunidades autÃ³nomas https://t.co/siNr16Wnrk
51,2021-04-01 07:26:37,MasVillaviciosa,1112693888039432193,"Villaviciosa de OdÃ³n, EspaÃ±a",1377522773560557569,2,1,[],"Otro ejemplo de la falta de estrategia clara de vacunaciÃ³n de la CAM. 
Doscientos cientÃ­ficos espaÃ±oles trabajan expuestos al coronavirus sin estar vacunados https://t.co/qjfH2Qu5ed vÃ­a @el_pais"
52,2021-04-01 07:15:00,Gacetinmadrid,711593651546226688,"Comunidad de Madrid, EspaÃ±a",1377519851070099457,2,0,"[{'text': 'Madrid', 'indices': [123, 130]}, {'text': 'Salud', 'indices': [131, 137]}, {'text': 'VacunaciÃ³nMadrid', 'indices': [138, 155]}, {'text': 'CoronavirusMadrid', 'indices': [156, 174]}, {'text': 'COVID19', 'indices': [175, 183]}, {'text': 'GMZ2', 'indices': [184, 189]}]","La vacunaciÃ³n a mayores de 80 se paraliza por Semana Santa, aunque continÃºa a otros grupos en el Wanda y el Isabel Zendal

#Madrid #Salud #VacunaciÃ³nMadrid #CoronavirusMadrid #COVID19 #GMZ2 https://t.co/GZNVjrUq8N"
53,2021-04-01 07:14:48,corralcpedro,802337402,"Madrid, EspaÃ±a",1377519803737501697,267,141,[],"Informamos que Margarita Robles tambiÃ©n ha perdido la vergÃ¼enza. 

Defensa aprovecha la vacunaciÃ³n de Robles y su cÃºpula polÃ­tica para cargar contra Ayuso - Libertad Digital https://t.co/P7lrAuJSIO"
54,2021-04-01 07:10:23,heraldoes,15581283,"AragÃ³n, EspaÃ±a",1377518688765669378,14,6,[],"ğŸ”µ GuÃ­a de vacunaciÃ³n en AragÃ³n: cuÃ¡ndo, quÃ© grupos, con quÃ© vacunas y cÃ³mo pedir cita https://t.co/5P4JgOon0j"
55,2021-04-01 07:00:01,HoraJaen,2841209698,Jaen,1377516079514218502,1,1,[],"PROVINCIA | Esta semana se ha vacunado a mÃ¡s de 900 personas.Â Las primeras dosis para este grupo de edad, que ya no estÃ¡n vinculadas a ninguna profesiÃ³n esencial, han sido inoculadas en el Distrito JaÃ©n- JaÃ©n Sur https://t.co/2m6OlmHkWW"
56,2021-04-01 06:43:08,carlosfargc,3183404729,"Granada, EspaÃ±a",1377511833083449345,8,0,[],"VacunaciÃ³n en EspaÃ±a: AndalucÃ­a ha vacunado con una dosis al 91% de los mayores de 80, mientras CataluÃ±a se queda en el 54% | Sociedad | EL PAÃS https://t.co/ied3tVa9J6"
57,2021-04-01 06:21:40,Covapa2,831163223537774592,"Alicante, EspaÃ±a",1377506430769577984,0,0,[],"COMUNICADO CONSELLERIA 31/03/2021
VACUNACIÃ“N PERSONAL MAYOR DE 65 AÃ‘OS DE LOS CENTROS EDUCATIVOS https://t.co/G13XEgRPQM"
58,2021-04-01 06:21:11,COPEPenaranda,337624071,PeÃ±aranda de Bracamonte,1377506308539224064,2,1,"[{'text': 'PeÃ±aranda', 'indices': [163, 173]}, {'text': 'AUDIO', 'indices': [175, 181]}, {'text': 'podcast', 'indices': [215, 223]}]","Â¿CÃ³mo se va a organizar la vacunaciÃ³n de 650 personas este Viernes Santo? Â¿QuiÃ©n se puede vacunar? Nos lo cuenta el doctor Alfonso SÃ¡nchez en La MaÃ±ana de COPE en #PeÃ±aranda

#AUDIO. ğŸ§ EscÃºchalo  ğŸ”Š de nuevo en este #podcast â–¶ï¸ 

https://t.co/2bXVb4ebO4"
59,2021-04-01 06:15:00,Gacetinmadrid,711593651546226688,"Comunidad de Madrid, EspaÃ±a",1377504751542132745,0,0,"[{'text': 'Madrid', 'indices': [123, 130]}, {'text': 'Salud', 'indices': [131, 137]}, {'text': 'VacunaciÃ³nMadrid', 'indices': [138, 155]}, {'text': 'CoronavirusMadrid', 'indices': [156, 174]}, {'text': 'COVID19', 'indices': [175, 183]}, {'text': 'GMZ1', 'indices': [184, 189]}]","La vacunaciÃ³n a mayores de 80 se paraliza por Semana Santa, aunque continÃºa a otros grupos en el Wanda y el Isabel Zendal

#Madrid #Salud #VacunaciÃ³nMadrid #CoronavirusMadrid #COVID19 #GMZ1 https://t.co/GZNVjrUq8N"
60,2021-03-31 23:05:38,LoLeS84,87411239,Madrid,1377396698687795200,2,0,[],"@CDCInteligencia @elmentalisto @DathosBD @AlvaroM_ENG @AUSTROHNGARO2 @TheDevilOps Pfizer y BioNTech, ""BNT162b2"", ha cambiado su nombre y se llama ahora 'Comiranty' en la UE

https://t.co/0oFKTUBk0Z"
61,2021-03-31 23:04:17,CoronavirusGR,514986364,"Granada, EspaÃ±a",1377396357351288833,4,1,"[{'text': 'Vacuna', 'indices': [0, 7]}, {'text': 'vacunacion', 'indices': [8, 19]}]","#Vacuna #vacunacion 

â€œEspaÃ±a incumple el objetivo de vacunar al 80% de los mayores de 80 aÃ±os en marzoâ€

La mayorÃ­a de las comunidades ha administrado la primera dosis a entre el 60% y el 70% de los ancianos. No ocurre igual en 2Âª dosis.

AmpliaciÃ³n: https://t.co/Q62AfFqGU9 https://t.co/95pp6mxYf0"
62,2021-03-31 22:37:42,Gacetinmadrid,711593651546226688,"Comunidad de Madrid, EspaÃ±a",1377389670590345217,3,0,"[{'text': 'Madrid', 'indices': [132, 139]}, {'text': 'EleccionesMadrid', 'indices': [140, 157]}, {'text': 'Elecciones4M', 'indices': [158, 171]}, {'text': 'Gabilondo', 'indices': [172, 182]}, {'text': 'VacunaciÃ³nMadrid', 'indices': [183, 200]}, {'text': 'SemanaSanta', 'indices': [201, 213]}]","Gabilondo reclama a la Comunidad de Madrid que no suspenda la vacunaciÃ³n de mayores y grandes dependientes durante la Semana Santa

#Madrid #EleccionesMadrid #Elecciones4M #Gabilondo #VacunaciÃ³nMadrid #SemanaSanta
https://t.co/rj4tVsmO6o"
63,2021-03-31 22:28:57,toni_miglesias,3006101225,"Sevilla, EspaÃ±a",1377387468236853249,121,30,[],"Andalucia, a la cabeza de EspaÃ±a en vacunaciÃ³n de mayores de 80 aÃ±os. Seguimos adelante... https://t.co/QnOny8FLp9"
64,2021-03-31 22:06:07,tiramillas,21645450,Madrid,1377381722845810689,1,1,[],"VacunaciÃ³n en EspaÃ±a: la hoja de ruta para inmunizar al 70% antes del verano se cumplirÃ¡, insiste el Gobierno https://t.co/ifwI0OAg2d"
65,2021-03-31 22:01:24,jcarlos_ortega,208594182,n1Â·senÎ¸1= n2Â·senÎ¸2,1377380535467614208,0,0,[],"Ensayos de fase 3 en los que han participado 2.260 adolescentes de 12 a 15 aÃ±os en EEUU, han demostrado que la vacuna Pfizer-BioNTech es 100% efectiva, segÃºn los resultados de un ensayo clÃ­nico, han anunciado hoy los dos laboratorios. https://t.co/zXUZ8Snf6Z"
66,2021-03-31 21:03:46,Butterflymc2,1246586840557256705,"Castilla y LeÃ³n, EspaÃ±a",1377366029098098692,4,1,[],"Rusia registra una vacuna contra la covid-19 para animales
https://t.co/slzFQ9pvUJ"
67,2021-03-31 21:00:01,elindepcom,743456072673992704,"Madrid, Comunidad de Madrid",1377365087183327243,9,2,[],â¡ La vacuna de Pfizer muestra un 100% de efectividad en adolescentes https://t.co/zSPx4irA49
68,2021-03-31 20:57:05,Vic_Olazabal,233585091,Madrid,1377364346292948994,3,3,[],"""Los errores, los retrasos, la desorganizaciÃ³n cuestan vidas. El despropÃ³sito cuesta vidas. La de Luisa y la de muchas mÃ¡s"". Hoy @manueljabois ha recordado a la mujer que le dijo que querÃ­a vacunarse para vivir un poco mÃ¡s y que ha fallecido sin vacuna. 
https://t.co/aIuFIX1YDZ"
69,2021-03-31 20:37:43,Belisa82754991,1347437827936706560,"Madrid, Comunidad de Madrid",1377359475410018309,8,2,[],"Hola @equipoGabilondo, Â¿No decÃ­as que se cerraba en Semana Santa? ğŸ‘‡ğŸ‘‡

Margarita Robles recibirÃ¡ la vacuna el Jueves Santo en el Wanda Metropolitano https://t.co/hFkqH3v07H"
70,2021-03-31 20:14:00,materia_ciencia,108932245,"Madrid, Spain",1377353504977788935,32,18,[],"En un ensayo aÃºn en marcha con jÃ³venes de 12 a 15 aÃ±os, la vacuna de la farmacÃ©utica estadounidense y la alemana BioNTech estÃ¡ logrando una eficacia del 100% https://t.co/Ey4sUWlwDo"
71,2021-03-31 20:10:34,AlvaroMCarmona,430163034,"Alcorcon, Madrid",1377352642796523520,1,1,[],"DespuÃ©s de decir esta maÃ±ana que @IdiazAyuso paralizaba la vacunaciÃ³n en Madrid, @equipoGabilondo creo que esto te interesa ğŸ‘‡ğŸ‘‡ğŸ‘‡

https://t.co/7Rsg6YfMYg"
72,2021-03-31 19:47:55,Gacetinmadrid,711593651546226688,"Comunidad de Madrid, EspaÃ±a",1377346942842236928,5,4,"[{'text': 'Madrid', 'indices': [123, 130]}, {'text': 'Salud', 'indices': [131, 137]}, {'text': 'VacunaciÃ³nMadrid', 'indices': [138, 155]}, {'text': 'CoronavirusMadrid', 'indices': [156, 174]}, {'text': 'COVID19', 'indices': [175, 183]}]","La vacunaciÃ³n a mayores de 80 se paraliza por Semana Santa, aunque continÃºa a otros grupos en el Wanda y el Isabel Zendal

#Madrid #Salud #VacunaciÃ³nMadrid #CoronavirusMadrid #COVID19 https://t.co/GZNVjrUq8N"
73,2021-03-31 19:46:40,vipdeveloperst1,1287795751418986496,"Alcoy, EspaÃ±a",1377346628470722561,0,1,"[{'text': 'coronavirus', 'indices': [78, 90]}]","@levante_emv ğŸ—“ï¸ 31/03

ğŸ”˜ La Comunitat Valenciana registra 237 nuevos casos de #coronavirus y 204 altas.

â¡ï¸ 24 en CastellÃ³n
â¡ï¸ 63 en Alicante
â¡ï¸ 150 en Valencia

Fallecidos: 9

ğŸ’‰ Dosis de la vacuna administradas: 771.200 

ğŸ”— https://t.co/HCPbALnZ1W https://t.co/j7nnWEYjQQ"
74,2021-03-31 19:45:44,vipdeveloperst1,1287795751418986496,"Alcoy, EspaÃ±a",1377346393845624835,0,0,"[{'text': 'coronavirus', 'indices': [65, 77]}]","ğŸ—“ï¸ 31/03

ğŸ”˜ La Comunitat Valenciana registra 237 nuevos casos de #coronavirus y 204 altas.

â¡ï¸ 24 en CastellÃ³n
â¡ï¸ 63 en Alicante
â¡ï¸ 150 en Valencia

Fallecidos: 9

ğŸ’‰ Dosis de la vacuna administradas: 771.200 

ğŸ”— https://t.co/HCPbALnZ1W https://t.co/kpQdbHx7vZ"
75,2021-03-31 19:43:20,alphaville308,4888033330,"Coslada, EspaÃ±a",1377345786971783170,0,1,[],"ğŸ‘€ Mujer sufre un sarpullido insoportable despuÃ©s de la vacuna COVID de Oxford-AstraZeneca https://t.co/xvUzuLKDTT https://t.co/ruHpIhD3bU

Otro efecto secundario ğŸ‘€

@ ANONS17 â­â­â­ https://t.co/nL8GUM1Vhr"
76,2021-03-31 19:43:19,Inf_Benidorm,2282404014,Benidorm (Alicante),1377345786447458305,0,0,[],Ximo Puig admite que aÃºn no hay dosis suficientes para iniciar la vacunaciÃ³n masiva https://t.co/yOXZlZqyuk
77,2021-03-31 19:39:31,alcoy,16579591,Alcoy,1377344826241294339,0,0,[],Diario InformaciÃ³n: Ximo Puig admite que aÃºn no hay dosis suficientes para iniciar la vacunaciÃ³n masiva https://t.co/MusTJIDGy0
78,2021-03-31 19:33:46,Radio_Aranda,2822615447,"Aranda de Duero, EspaÃ±a",1377343382058635268,8,4,[],ğŸ’‰ VacunaciÃ³n masiva para todas las personas de la comarca nacidas en 1956 el prÃ³ximo martes https://t.co/PCb4DT92vO
79,2021-03-31 19:30:00,el_pais,7996082,Madrid,1377342433000841218,18,10,[],"El 70,8% de los mayores de 80 aÃ±os ha recibido al menos una dosis de la vacuna para el coronavirus en EspaÃ±a. Pero los datos no son uniformes comunidad a comunidad. Este informe hace tambiÃ©n un repaso por el resto de tramos de edad https://t.co/eTlwypsWWO"
80,2021-03-31 19:26:33,MikelSainzG,242338431,"AndalucÃ­a, EspaÃ±a",1377341564175912968,9,1,[],"AndalucÃ­a es la comunidad mÃ¡s aventajada en la vacunaciÃ³n a los mayores de 80 aÃ±os. 

Se han vacunado con una dosis al 91% y con pauta completa al 58,1%.

https://t.co/2iqbpMOHg0"
81,2021-03-31 19:01:46,heraldoes,15581283,"AragÃ³n, EspaÃ±a",1377335328147525634,9,4,"[{'text': 'vacunaciÃ³n', 'indices': [100, 111]}, {'text': 'coronavirus', 'indices': [112, 124]}, {'text': 'EspaÃ±a', 'indices': [125, 132]}]","ğŸ’‰ğŸ˜· El grupo de 70 a 79 aÃ±os, el mÃ¡s retrasado: solo el 3,8% estÃ¡ vacunado ğŸ‘‰ https://t.co/uHyIfm7oAn #vacunaciÃ³n #coronavirus #EspaÃ±a"
82,2021-03-31 19:00:00,materia_ciencia,108932245,"Madrid, Spain",1377334883459067908,91,28,[],"Una vacuna para animales no era una â€œnecesidad imperiosaâ€ pero sÃ­ otro paso mÃ¡s, â€œtrabajo anticipadoâ€ en la lucha contra el coronavirus https://t.co/Jfh0egpVGX"
83,2021-03-31 18:24:16,heraldoes,15581283,"AragÃ³n, EspaÃ±a",1377325889856401412,4,1,[],La vacuna Astrazeneca cambia de nombre en la UE en medio de la polÃ©mica por los trombos https://t.co/CWwsCXmevy
84,2021-03-31 18:19:19,PSOEJAEN,398569140,provincia de JaÃ©n,1377324643619590146,9,20,"[{'text': 'VACUNA', 'indices': [2, 9]}]","ğŸ’‰ #VACUNA | CaÃ³tica organizaciÃ³n de la @andaluciajunta en la vacunaciÃ³n: 

â¡ï¸ Mayores desplazados 
â¡ï¸ largas esperas 
â¡ï¸ colas sin distancia de seguridad
â¡ï¸  accesos colapsados a los municipios

ğŸ“² MÃ¡s en la web â¤µï¸
https://t.co/xnqwNqtjDx"
85,2021-03-31 18:13:29,libertaddigital,27038703,Madrid,1377323176326275073,22,16,[],Defensa aprovecha la vacunaciÃ³n de Robles y su cÃºpula polÃ­tica para cargar contra Ayuso https://t.co/HWJgER0Cfb https://t.co/3PsGBeMpnw
86,2021-03-31 18:13:20,CarteroColeta,895757081030135813,EspaÃ±a,1377323138988523527,0,0,[],"Falconeti no mintiÃ³, dijo que en Septiembre todos ""Vacunados"", se le olvidÃ³ el AÃ±o...ğŸ¤”ğŸ¤”ğŸ¤”ğŸ¤”
De AndalucÃ­a a CataluÃ±a: asÃ­ va la vacunaciÃ³n por tramos de edad en todas las comunidades autÃ³nomas https://t.co/iDaucw8cHd vÃ­a @elindepcom"
87,2021-03-31 18:08:55,CarteroColeta,895757081030135813,EspaÃ±a,1377322027611136001,0,0,[],"Hasta donde puede llegar la ""Bajeza"" de este Desgobierno değŸ’©ğŸ’©, les tenÃ­an que haber inyectado LSD, ellos colgados, nos Felices

Defensa aprovecha la vacunaciÃ³n de Robles y su cÃºpula polÃ­tica para cargar contra Ayuso, por @ariasborque https://t.co/lFPsgYLOB0 vÃ­a @libertaddigital"
88,2021-03-31 18:02:33,Pablolinde,66485971,Madrid,1377320426074947589,16,6,[],Sanidad ha publicado por primera vez datos desagregados de vacunaciÃ³n por edades. Son estos https://t.co/tij7TYJJbd
89,2021-03-31 18:00:01,SEGREcom,211265924,Lleida,1377319787257196545,2,0,[],"Julia Otero recibe la vacuna contra la Covid-19 en plena lucha contra el cÃ¡ncer
https://t.co/4hVXuXQWrX"
90,2021-03-31 17:59:26,fjnogales,245373685,"Madrid, Spain",1377319640569905153,9,2,"[{'text': 'COVID19', 'indices': [18, 26]}]","VacunaciÃ³n diaria #COVID19 31/03/2021 ğŸ’‰

Semana de rÃ©cord: EspaÃ±a ha incrementado la administraciÃ³n un 85% respecto a la semana anterior ğŸ‰

Extremadura, Castilla y LeÃ³n, y Castilla-La Mancha son las que mÃ¡s administran en la Ãºltima semana, Ceuta y Melilla las que menos

HiloğŸ‘‡ https://t.co/URm9poIeFB"
91,2021-03-31 17:59:07,NueveCuatroUno,374671472,"LogroÃ±o, La Rioja, EspaÃ±a",1377319562547494915,11,10,"[{'text': 'CartaAlDirector', 'indices': [3, 19]}]",ğŸ–‹ï¸ #CartaAlDirector | â€˜Ayer tampoco habÃ­a vacuna para Ã©lâ€™. https://t.co/RK3KExRDNP
92,2021-03-31 17:58:55,elfaradio,797028270,,1377319510399713287,0,1,[],Sanidad prevÃ© finalizar la prÃ³xima semana la vacunaciÃ³n de mayores de 80 aÃ±os y no descarta restablecer medidas mÃ¡s restrictivas si continÃºa el aumento de la incidencia de casos https://t.co/yN9lqSKtTq
93,2021-03-31 17:55:44,nusagatero,636268171,Comunidad Valenciana,1377318710365540357,4,4,[],El PabellÃ³n del Toscar serÃ¡ finalmente donde comience la vacunaciÃ³n el 6 de abril en Elche https://t.co/y9ImxWgWU9 vÃ­a @RadioElcheSER
94,2021-03-31 17:55:11,RadioElcheSER,381466214,"Elche, EspaÃ±a",1377318572632969218,2,1,[],El PabellÃ³n del Toscar serÃ¡ finalmente donde comience la vacunaciÃ³n el 6 de abril en Elche https://t.co/ZwX8KcWXo8 a travÃ©s de @RadioElcheSER
95,2021-03-31 17:46:16,XRBustelo,930927867608948736,"Salamanca, Spain",1377316328109965318,12,1,"[{'text': 'COVID', 'indices': [99, 105]}]","Hoy â¦@el_paisâ© habla de la falta vacunaciÃ³n prioritaria de cientÃ­ficos del â¦@CSICâ© que trabajan en #COVID denunciada x mÃ­ ayer. â¦@CienciaGobâ© @ CSICâ© y â¦â¦@ComunidadMadridâ© escurren el bulto. El problema, eso sÃ­, sin solucionar https://t.co/5jBdQsuO4L"
96,2021-03-31 17:42:07,TeleElx,324877012,Elche,1377315282348240896,7,5,[],"ğŸš¨ La vacunaciÃ³n masiva arrancarÃ¡ el prÃ³ximo 6 de abril en IFA.

ğŸ—£ El alcalde ha seÃ±alado que cuando las dosis estÃ©n disponibles, la idea es vacunar a 5.000 personas al dÃ­a.
https://t.co/8MdLFY2b3m"
97,2021-03-31 17:40:32,RadioMadrid,246774887,Madrid,1377314884090744832,1,0,[],"ğŸ‘¥ CARA A CARA

ğŸ™ï¸ @Enrique_L_Lopez: ""Nuestro plan de vacunaciÃ³n es correcto""
ğŸ™ï¸ @P_GomezPerpinya: ""Su responsabilidad es un buen plan de vacunaciÃ³n y la del Gobierno de EspaÃ±a, las dosis y tambiÃ©n se lo exigimos""

ğŸ‘‚Escucha el debate en directoğŸ‘‡
https://t.co/bWy0uhi2D8"
98,2021-03-31 17:40:00,HoraJaen,2841209698,Jaen,1377314749650722817,1,0,[],PROVINCIA | Colas de mayores en Bedmar y JÃ³dar y atascos en las entradas a municipios como Torres o Cazorla desde la carretera de ChulluÃ©var  https://t.co/a0KQJDK4UJ
99,2021-03-31 17:32:50,JuanPedroPC,62349151,"GijÃ³n, EspaÃ±a",1377312948595621896,0,0,[],Asturias bate de nuevo su rÃ©cord de vacunaciÃ³n diaria https://t.co/nWhegqqYfo
100,2021-03-31 17:29:04,CVporsiempre,596795285,"EspaÃ±a, Comunidad Valenciana",1377311999802146823,3,2,"[{'text': 'ComunidadValenciana', 'indices': [0, 20]}, {'text': 'EspaÃ±a', 'indices': [21, 28]}, {'text': 'coronavirus', 'indices': [45, 57]}, {'text': 'Alicante', 'indices': [106, 115]}, {'text': 'CastellÃ³n', 'indices': [128, 138]}, {'text': 'Valencia', 'indices': [150, 159]}]","#ComunidadValenciana #EspaÃ±a 

ğŸ—“ï¸  31/03

ğŸ¦   #coronavirus

ğŸ”˜  237 nuevos casos
ğŸ”˜  204 altas 

â¡ï¸    63 en #Alicante
â¡ï¸    24 en #CastellÃ³n
â¡ï¸  150 en #Valencia

âœï¸      9 Fallecidos

ğŸ’‰  771.200 Dosis de la vacuna administradas

ğŸ”—  https://t.co/DExyNtGGCx 

VÃ­a @GVAsanitat https://t.co/PrRfG7BUSy"
101,2021-03-31 17:27:40,PSOEArganda,160839623,Arganda del Rey,1377311648076210178,5,7,"[{'text': 'GobernarEnSerio', 'indices': [229, 245]}, {'text': 'Arganda', 'indices': [246, 254]}]","ğŸ’‰ El Ministerio de Sanidad entregÃ³ 157.950 vacunas a la Comunidad de Madrid el pasado lunes. 

Pero Ayuso suspende durante la Semana Santa la vacunaciÃ³n a los mayores de 80 aÃ±os cuando tiene dosis para continuar. Â¿Por quÃ©?ğŸ¤·ğŸ»â€â™‚ï¸

#GobernarEnSerio
#Arganda 

https://t.co/epmytZXTWY"
102,2021-03-31 17:23:44,NueveCuatroUno,374671472,"LogroÃ±o, La Rioja, EspaÃ±a",1377310658757296138,9,3,"[{'text': 'Coronavirus', 'indices': [2, 14]}]","ğŸ’‰ #Coronavirus | El grado de cobertura de La Rioja (del 15,7 por ciento) es el tercero mÃ¡s alto del paÃ­s, tras el de Castilla y LeÃ³n y Extremadura. https://t.co/PYwecCDsjM"
103,2021-03-31 17:22:29,elindepcom,743456072673992704,"Madrid, Comunidad de Madrid",1377310343660249098,3,3,[],"ğŸ— EN PORTADA | De AndalucÃ­a a CataluÃ±a: asÃ­ va la vacunaciÃ³n por tramos de edad en todas las comunidades autÃ³nomas

Informa @miguel_riano https://t.co/siNr17dYPU"
104,2021-03-31 17:22:07,teleminho,409176658,Ourense,1377310250844487680,0,0,[],La vacuna de AstraZeneca se administrarÃ¡ a trabajadores esenciales mayores de 65 aÃ±os 31.03.21 https://t.co/K0ZCNl8ZVD
105,2021-03-31 17:16:09,Tonicanto1,249122306,"Comunidad de Madrid, EspaÃ±a",1377308750437093385,3568,1502,[],"Gabilondo criticaba esta maÃ±ana a Madrid  por parar la vacunaciÃ³n.

Carolina Darias, en clara alusiÃ³n a Madrid, seÃ±alaba que es muy importante vacunar todos los dÃ­as.

Que alguien les explique que Margarita Robles serÃ¡ vacunada el Jueves Santo en el Wanda.
https://t.co/8Yfp32W1ln"
106,2021-03-31 17:15:00,el_pais,7996082,Madrid,1377308458232508431,144,103,[],"Entre los cientÃ­ficos olvidados en la campaÃ±a de vacunaciÃ³n figuran, paradÃ³jicamente, los grupos que estÃ¡n desarrollando las vacunas experimentales espaÃ±olas contra la covid. Llevan meses manejando directamente. Un el virus y sin ser vacunados. Unos 200 https://t.co/gu5PwLMh1u"
107,2021-03-31 17:12:55,quediario,28076939,"Madrid, Spain",1377307936494653445,1,0,[],"La EMA insiste en que no hay vÃ­nculo entre trombos y la vacuna de AstraZeneca
https://t.co/uCUiftNiZi"
108,2021-03-31 17:10:25,heraldoes,15581283,"AragÃ³n, EspaÃ±a",1377307307118301184,9,4,"[{'text': 'coronavirus', 'indices': [74, 86]}]","ğŸ’‰La vacuna de Janssen: efectos secundarios, dosis y efectividad contra el #coronavirus https://t.co/a2fQ5EwEs6"
109,2021-03-31 17:03:58,JRuizenlared,1339926648,"Madrid, EspaÃ±a",1377305684228894728,0,0,[],"Datos VACUNACIÃ“N COVID 19 de la Comunidad de Madrid del  31/3/2021
Presidenta dimitida de la Comunidad: Isabel DÃ­az Ayuso.
Consejero dimitido de Sanidad: Enrique Ruiz Escudero.
J Ruiz en la red: Datos  VACUNACIÃ“N COVID 19 en  la Comunidad de Mad... https://t.co/YnOarwI6iu https://t.co/SlS0IuuaJC"
110,2021-03-31 17:00:02,el_pais,7996082,Madrid,1377304690979790848,55,21,[],"Rusia ha registrado una vacuna contra el SARS-CoV-2 para animales. Ha pasado ya por ensayos clÃ­nicos en hurones, perros, gatos, visones, zorros y otros animales carnÃ­voros https://t.co/sQVM87Q1jk"
111,2021-03-31 16:56:45,respuestasvegan,126331978,"Comunidad de Madrid, EspaÃ±a",1377303868288163846,1,2,[],"El tÃ­pico truco... 
https://t.co/IKq1McQMn7 https://t.co/sWiK7EWHGJ"
112,2021-03-31 16:55:59,Gacetinmadrid,711593651546226688,"Comunidad de Madrid, EspaÃ±a",1377303673848672256,1,1,"[{'text': 'Madrid', 'indices': [123, 130]}, {'text': 'Salud', 'indices': [131, 137]}, {'text': 'VacunaciÃ³nMadrid', 'indices': [138, 155]}, {'text': 'CoronavirusMadrid', 'indices': [156, 174]}, {'text': 'COVID19', 'indices': [175, 183]}]","La vacunaciÃ³n a mayores de 80 se paraliza por Semana Santa, aunque continÃºa a otros grupos en el Wanda y el Isabel Zendal

#Madrid #Salud #VacunaciÃ³nMadrid #CoronavirusMadrid #COVID19
 https://t.co/GZNVjrCPhf"
113,2021-03-31 16:54:40,MACEMUOR,191578536,"EspaÃ±a, Spain",1377303342280491012,0,1,"[{'text': 'Madrid', 'indices': [242, 249]}, {'text': 'AyusoPresidenta', 'indices': [250, 266]}]","@equipoGabilondo
usted al parecer, decÃ­a ayer en la SER que la comunidad de Madrid de @IdiazAyuso
no vacunaba en Semana Santa.
MENTIRA ğŸ‘‡ğŸ»

Margarita Robles recibirÃ¡ la vacuna el Jueves Santo en el Wanda Metropolitano https://t.co/WPh5dM6kcW

#Madrid #AyusoPresidenta"
114,2021-03-31 16:52:32,AlcalaHoy1,1641190098,AlcalÃ¡ de Henares,1377302806529503238,2,2,[],Nuevo plan de vacunaciÃ³n: EspaÃ±a vacunarÃ¡ a toda edad adulta con AstraZeneca y Janssen a mayores de 65 | AlcalÃ¡ Hoy https://t.co/VJChZenmQ3 https://t.co/NxLHT0Gyd5
115,2021-03-31 16:50:46,Sansa___,3306618377,Elche ,1377302362717614082,0,0,[],"@sanidadgob @CienciaGob
@astro_duque
Â¿QuÃ© esta ocurriendo con la estrategia de vacunacion Covid19 a nuestros cientÃ­ficos?Â¿Por quÃ© no estÃ¡n vacunados todavÃ­a?ğŸ‘‡
Doscientos cientÃ­ficos espaÃ±oles trabajan expuestos al coronavirus sin estar vacunados.
@el_pais https://t.co/3o8OIuKNvU"
116,2021-03-31 16:44:02,diariolaopinion,129907921,RegiÃ³n de Murcia,1377300666905952263,2,0,[],"EstÃ¡ citada este jueves en el Wanda Metropolitano para recibir la primera dosis de la vacuna de Astrazeneca
 https://t.co/CYyKxfW8Tu"
117,2021-03-31 16:43:21,ciudadrodrigoNe,960385916,Ciudad Rodrigo,1377300494473965572,0,0,[],La DiputaciÃ³n rechaza debatir la mociÃ³n socialista sobre la vacunaciÃ³n de mayores en su ... - https://t.co/C7bEDSxRr4 https://t.co/9XxygMsqMD
118,2021-03-31 16:35:00,elindepcom,743456072673992704,"Madrid, Comunidad de Madrid",1377298391915499553,20,13,[],"â¡ Margarita Robles recibirÃ¡ la vacuna este Jueves Santo en el Wanda Metropolitano 

https://t.co/E3qmxwJ7Ac"
119,2021-03-31 16:27:37,Pedro_Castro,18447733,Getafe,1377296536904814597,0,0,[],"Ãšltimas noticias del coronavirus, en directo | La Agencia Europea del Medicamento insiste en que no hay vÃ­nculo entre trombos y la vacuna de AstraZeneca  https://t.co/sdFVfvGr73 a travÃ©s de @el_pais"
120,2021-03-31 16:26:15,dalien79,186583103,MADRID,1377296191277387779,0,0,[],"Ãšltimas noticias del coronavirus, en directo | La Agencia Europea del Medicamento insiste en que no hay vÃ­nculo entre trombos y la vacuna de AstraZeneca  https://t.co/Wt1pULzzOR vÃ­a @el_pais"
121,2021-03-31 16:24:10,ORMurcia,300407444,RegiÃ³n de Murcia,1377295666305712129,2,2,[],"""No deberÃ­a existir lÃ­mite de edad para la vacunaciÃ³n con AstraZeneca"" https://t.co/EXEUYuQaqs vÃ­a @ormurcia"
122,2021-03-31 16:20:01,epmediterraneo,230803697,"CastellÃ³n, EspaÃ±a",1377294624180609024,1,0,[],CAMPAÃ‘A DE VACUNACIÃ“N | Sanitat detalla quiÃ©nes serÃ¡n los siguientes en ser vacunados https://t.co/aRpHO1wgOP
123,2021-03-31 16:12:49,NueveCuatroUno,374671472,"LogroÃ±o, La Rioja, EspaÃ±a",1377292811083583493,13,7,"[{'text': 'Coronavirus', 'indices': [2, 14]}]","ğŸ”´ #Coronavirus | La Rioja recibe un lote con 8.480 nuevas vacunas: la mayorÃ­a son de Pfizer y solo 800, de AstraZeneca. https://t.co/tazPgHAhWU"
124,2021-03-31 16:07:02,materia_ciencia,108932245,"Madrid, Spain",1377291353743368193,61,18,[],Rusia registra una vacuna contra la covid-19 para animales https://t.co/Jfh0egHx5x
125,2021-03-31 16:05:17,angegomez3,415499156,Madrid (EspaÃ±a),1377290915614707719,0,0,[],"Â¿Peeeeerdooooonaaa????ğŸ˜³ Lo de los criterios y tiempos de vacunaciÃ³n es un fenÃ³meno paranormal (Â¿o para anormal?ğŸ¤”)
En @elconfidencial: Los cientÃ­ficos que ves en TV no estÃ¡n vacunadosâ€¤.. Â¡Y trabajan con el virus! https://t.co/prcbvMbtBO"
126,2021-03-31 15:57:53,AETCPS,1153189308687376386,"Madrid, Comunidad de Madrid",1377289053310160900,4,4,[],"VacunaciÃ³n COVID-19 de Tripulantes de Cabina de Pasajeros - https://t.co/BwqzDSNtVi 

@mitmagob @sanidadgob @AesaSpain @IATA"
127,2021-03-31 15:56:43,Oviedocityy,765235921700659201,"Oviedo, EspaÃ±a",1377288758303805443,87,58,"[{'text': 'Asturias', 'indices': [69, 78]}]","En la gestiÃ³n de la vacunaciÃ³n Covid19, Claro que hay diferencias!!

#Asturias bate de nuevo su rÃ©cord de vacunaciÃ³n diaria https://t.co/SOtkPUvC0h"
128,2021-03-31 15:45:00,NoticiasdeAlava,291276198,Vitoria-Gasteiz,1377285809007591425,0,0,[],La EMA insiste en que no hay vÃ­nculo entre trombos y la vacuna de AstraZeneca. https://t.co/b3Vb5NCUn6
129,2021-03-31 15:45:00,el_pais,7996082,Madrid,1377285808890216457,165,84,[],La vacuna de Pfizer contra el coronavirus parece muy eficaz en los adolescentes. En un ensayo aÃºn en marcha con jÃ³venes de 12 a 15 aÃ±os el inoculado de la farmacÃ©utica estadounidense y la alemana BioNTech estÃ¡ logrando una eficacia del 100% https://t.co/Bj1T5csf2E
130,2021-03-31 15:35:05,_infoLibre,603884167,Madrid,1377283315191922689,1,2,[],ğŸ”´Directo| Margarita Robles recibirÃ¡ este jueves en Wanda Metropolitano la vacuna contra el covid-19 https://t.co/p84ZuSSWJu https://t.co/lyyu9k49qr
131,2021-03-31 15:33:29,_infoLibre,603884167,Madrid,1377282911053869059,4,4,[],"ğŸ”´Directo| â¡ï¸La Agencia Europea del Medicamento insiste en que no hay vÃ­nculo entre trombos y la vacuna de AstraZeneca

â¡ï¸ Canarias seguirÃ¡ aplicando el uso de la mascarilla como hasta ahora https://t.co/p84ZuSBlkU https://t.co/ZRDXhmHKrt"
132,2021-03-31 15:31:00,NotGip,226611875,Gipuzkoa,1377282286043820039,0,1,"[{'text': 'Coronavirus', 'indices': [3, 15]}]","ğŸ’‰ [#Coronavirus] La EMA insiste en que no hay vÃ­nculo entre trombos y la vacuna de AstraZeneca

https://t.co/zV33cGXoTJ"
133,2021-03-31 15:26:24,GVAsanitat,423423050,ValÃ¨ncia,1377281130903261188,151,95,"[{'text': 'coronavirus', 'indices': [53, 65]}]","ğŸ—“ï¸ 31/03

ğŸ”˜ @GVAsanitat registra 237 nuevos casos de #coronavirus y 204 altas en la Comunitat Valenciana

â¡ï¸ 24 en CastellÃ³n
â¡ï¸ 63 en Alicante
â¡ï¸ 150 en Valencia

Fallecidos: 9

ğŸ’‰ Dosis de la vacuna administradas: 771.200 

ğŸ”— https://t.co/opte1YTIES https://t.co/beuW9JiDHA"
134,2021-03-31 15:25:51,sorianoticias,436581338,Soria,1377280991094575104,6,2,[],"A partir del lunes comenzarÃ¡ la vacunaciÃ³n para personas de 60 a 65 aÃ±os en la provincia de Soria

https://t.co/DSiozspZaH"
135,2021-03-31 15:22:37,NoticiasNavarra,23061724,"Pamplona, Navarra",1377280176934039555,3,1,[],"ğŸ’‰ğŸ’‰La EMA insiste en que no hay vÃ­nculo entre trombos y la vacuna de AstraZeneca
https://t.co/CmyiyJMD5g"
136,2021-03-31 15:13:18,JavierJoseGM,77256591,"Madrid, Comunidad de Madrid",1377277832926265347,0,0,[],Pfizer anuncia un 100% de eficacia de su vacuna en menores de 12 a 15 aÃ±os https://t.co/1VsAaCOl7I https://t.co/sUzgEMpL12
137,2021-03-31 15:08:45,AnaHPozuelo,732550639,"Pozuelo de AlarcÃ³n, EspaÃ±a",1377276687872884745,28,30,"[{'text': '4M', 'indices': [190, 193]}, {'text': 'GobernarEnSerio', 'indices': [194, 210]}]","El consejero Ruiz Escudero, como Ayuso, miente.
Este mÃ©dico que consintiÃ³ el protocolo que negaba la atenciÃ³n sanitaria de mayores  y ahora les niega la vacuna, es el 2 de l lista de Ayuso.
#4M
#GobernarEnSerio 
https://t.co/6x660R68Y6"
138,2021-03-31 14:56:02,ElDigitalAB,1219839072,"Albacete, EspaÃ±a",1377273488092884995,0,0,[],CORONAVIRUS |Â La Agencia Europea del Medicamento insiste en que no hay vÃ­nculo entre trombos y la vacuna de AstraZeneca - https://t.co/EPkvCIPKiA
139,2021-03-31 14:53:53,CuestacRaquel,956478757086400512,"Madrid, Comunidad de Madrid",1377272947572928520,0,0,[],"Alemania: 31 casos dtrombosis dsenos venosos.En 19 de los casos se detectÃ³ tambiÃ©n deficiencia de plaquetas en la sangre (trombocitopenia). Todos los afectados menos dos eran mujeres, de entre 20 y 63 aÃ±os. Los dos hombres tenÃ­an 36 y 57 aÃ±os.
via @el_pais https://t.co/MYNGeEVzYs"
140,2021-03-31 14:53:46,materia_ciencia,108932245,"Madrid, Spain",1377272916182769665,80,26,[],Datos aÃºn provisionales muestran que la vacuna de Pfizer contra el coronavirus logra un 100% de eficacia en adolescentes https://t.co/Ey4sUWlwDo
141,2021-03-31 14:52:08,informacion_es,92002486,"Alicante, EspaÃ±a",1377272506818691073,6,0,[],"El pediatra subraya que ""existe mayor riesgo al tomar un ibuprofeno, un anticonceptivo o muchos otros medicamentos, que tras recibir la vacuna de AstraZeneca"". https://t.co/N9nLA9vAJL"
142,2021-03-31 14:51:11,heraldoes,15581283,"AragÃ³n, EspaÃ±a",1377272267474935809,12,5,"[{'text': 'ÃšLTIMAHORA', 'indices': [2, 13]}, {'text': 'vacunaciÃ³n', 'indices': [132, 143]}, {'text': 'vacuna', 'indices': [144, 151]}, {'text': 'coronavirus', 'indices': [152, 164]}, {'text': 'Sanidad', 'indices': [165, 173]}, {'text': 'AragÃ³n', 'indices': [174, 181]}]",ğŸ”´ #ÃšLTIMAHORA ğŸ’‰ Los nacidos en 1956 pueden citarse desde este jueves para vacunarse contra el coronavirus ğŸ‘‰ https://t.co/PtwimbQql2 #vacunaciÃ³n #vacuna #coronavirus #Sanidad #AragÃ³n
143,2021-03-31 14:44:20,diariolaopinion,129907921,RegiÃ³n de Murcia,1377270542005383168,4,4,[],"El estricto confinamiento y la vacunaciÃ³n continua, claves para que el paÃ­s pasase de ser foco mundial de la pandemia a tener el virus bajo control
 https://t.co/6c8E83i4zb"
144,2021-03-31 14:37:32,FelipeGCoto,62249544,"Asturias, Spain",1377268830091755523,14,4,[],"Asturias bate su propio rÃ©cord de vacunaciÃ³n con casi 7.000 dosis administradas en un dÃ­a @GobAsturias @pifermu @astursalud @SaludPublicaEs @rcofinof

https://t.co/7SEH9ugzXA"
145,2021-03-31 14:36:01,cpuertollano,550338533,Puertollano,1377268449974566913,0,0,[],"Mora denuncia que el PP ""estÃ¡ instalado en la mentiraâ€ y destaca que la vacunaciÃ³n en Castilla-La Mancha ""continuarÃ¡ en Semana Santa"" - 31/03/2021 RegiÃ³n | Diario La Comarca de Puertollano https://t.co/hsO0qZth19"
146,2021-03-31 14:31:00,NotGip,226611875,Gipuzkoa,1377267186364899330,0,0,"[{'text': 'Coronavirus', 'indices': [3, 15]}]","ğŸ’‰ [#Coronavirus] La vacuna de Pfizer-BioNTech tiene una eficacia del 100% en adolescentes

https://t.co/EP5hrAcvNR"
147,2021-03-31 14:30:08,SER_Cantabria,430900446,Santander,1377266970706448391,6,3,[],La vacunaciÃ³n masiva en Santander se lleva a cabo cumpliÃ©ndose la hora de la cita https://t.co/y8O5XpUNtN a travÃ©s de @SER_Cantabria
148,2021-03-31 14:15:06,ciudadrodrigoNe,960385916,Ciudad Rodrigo,1377263185418407941,0,0,[],Bando vacunaciÃ³n masiva con AstraZeneca contra la COVID-19 - https://t.co/DAoSW34dSy https://t.co/lpjToMhRJG
149,2021-03-31 14:13:22,radioguijuelo,218868359,Guijuelo,1377262751765176326,0,2,[],"Guijuelo acogerÃ¡ el martes 6 una vacunaciÃ³n masiva para personas de entre 80 y 90 aÃ±os de la ZBS
 https://t.co/RM7Z7FbNsv https://t.co/Rl5YbkpVAO"
150,2021-03-31 14:13:00,boticariors,238273819,Sevilla,1377262657884012545,12,7,[],"Pues a falta de ver datos publicados ...ğŸ§

 La vacuna de Pfizer BioNTech ğŸ’‰ğŸ’‰ğŸ’‰ es â¬†ï¸â¬†ï¸ muy muy efectiva en evitar enfermedad TAMBIÃ‰N en adolescentes (12-15 aÃ±os). Pauta de 2 dosis tambiÃ©n.

ğŸ¤ğŸ¤ğŸ‘ğŸ‘

https://t.co/I69iVkyRDw"
151,2021-03-31 13:56:51,FVeiguela,216171101,Oviedo,1377258591841816577,1,0,"[{'text': 'Asturias', 'indices': [0, 9]}, {'text': 'vacunaciÃ³n', 'indices': [35, 46]}]","#Asturias bate su propio rÃ©cord de #vacunaciÃ³n con casi 7.000 dosis administradas en un dÃ­a https://t.co/dFLixKSmNy a travÃ©s de @lanuevaespana 
ğŸ‘ğŸ’ª"
152,2021-03-31 13:50:00,SERMadridSur,111043197,Madrid,1377256868523966466,1,0,[],"La vacunaciÃ³n de mayores de 80 aÃ±os se pararÃ¡ esta Semana Santa en la Comunidad de Madrid

https://t.co/plkCvdIPzs"
153,2021-03-31 13:48:41,DemasiadaLex,2425846368,En un Mercedes blanco...,1377256536804888577,0,0,"[{'text': 'ElJardineroFiel', 'indices': [116, 132]}, {'text': 'TheConstantGardener', 'indices': [133, 153]}]",La vacuna de AstraZeneca cambia de nombre y pasa a llamarse Vaxzevria. Que mal rollo. Â¿Alguien recuerda la Dypraxa? #ElJardineroFiel #TheConstantGardener https://t.co/acvaNWxLqc vÃ­a @noticiasnavarra
154,2021-03-31 13:43:29,lisinhumo,1607608680,"Valencia, Comunidad Valenciana",1377255227435405314,0,0,"[{'text': 'squidapp', 'indices': [119, 128]}]","La vacuna de Pfizer-BioNTech es eficaz al 100% en adolescentes, segÃºn un estudio

https://t.co/Gs970T7yBg

A travÃ©s de #squidapp"
155,2021-03-31 13:43:08,ASeyfferth,112273241,Madrid,1377255141766750208,1,0,"[{'text': 'BioNTech', 'indices': [220, 229]}]","Buenas noticias para el largo camino hacia la inmunidad de grupo: un ensayo clÃ­nico (aun pendiente de publicaciÃ³n y peer review) no encontrÃ³ ningÃºn contagio entre jÃ³venes de 12 a 15 aÃ±os que habÃ­an recibido la vacuna de #BioNTech-Pfizer [EN], vÃ­a @statup https://t.co/e3uxIA8gET"
156,2021-03-31 13:37:07,antipajarito,1225067059886936066,"Zaragoza, EspaÃ±a",1377253625886560256,0,0,[],"Â¿Y a los de 66 a 74 aÃ±os cuando han pensado los cerebros del SALUD vacunarlos?
GuÃ­a de vacunaciÃ³n en AragÃ³n: cuÃ¡ndo, quÃ© grupos, con quÃ© vacunas y cÃ³mo pedir cita https://t.co/Jylqly7oFW vÃ­a @heraldoes"
157,2021-03-31 13:36:55,imurua,14685815,Bilbao,1377253578331537411,6,0,[],"La vacuna de AstraZeneca cambia de nombre y pasa a llamarse Vaxzevria https://t.co/femqiHwZtP vÃ­a @deia_eus
Me da igual. Me vacunarÃ© cuando y con la que me toque."
158,2021-03-31 13:17:10,Comuniter_SL,978217153324347392,"Zaragoza, EspaÃ±a",1377248606487461890,0,0,[],"GuÃ­a de vacunaciÃ³n en AragÃ³n: cuÃ¡ndo, quÃ© grupos, con quÃ© vacunas y cÃ³mo pedir cita

https://t.co/WtT25Cps8u"
159,2021-03-31 13:16:11,Jose88308493,1021077398102650882,"Valencia, Comunidad Valenciana",1377248357836591109,0,0,[],"VerÃ¡s en todos los ğŸ™ï¸ ""mercenarios a sueldo"" decir:
Madrid se va de semana santa  y dejarÃ¡ de vacunar.
Dicho a si, suena grabÃ© e irresponsable.
Â¿ Pero, si se dice asÃ­ ğŸ‘‡?

https://t.co/S4TPTIOJRv"
160,2021-03-31 13:06:34,radiobilbao,41896580,Bilbao - Bizkaia,1377245938289360901,3,0,"[{'text': 'COVID19', 'indices': [13, 21]}]","ğŸ’‰ VACUNACIÃ“N #COVID19 | El BEC se convertirÃ¡ en el segundo vacunÃ³dromo de Bizkaia

https://t.co/PiskPiaWql"
161,2021-03-31 13:05:35,CopeBurgos,793548157,"Burgos, EspaÃ±a",1377245692096356354,0,1,"[{'text': 'AUDIO', 'indices': [0, 6]}]","#AUDIO â–¶ï¸ Informativo 31-03-21. ğŸ“»

Escucha:
ğŸ”¹ï¸ VacunaciÃ³n masiva el sÃ¡bado y domingo en el Coliseum a los nacidos en 1956
ğŸ”¹ï¸ La Junta cerrarÃ¡ de nuevo desde el martes el interior de la hostelerÃ­a
ğŸ”¹ï¸ Actos para una Semana Santa diferente

Y mÃ¡s...ğŸ‘‡

https://t.co/io5DrhTGxp"
162,2021-03-31 13:00:30,PSLPSOE,822953762,LeÃ³n (EspaÃ±a),1377244411285868544,22,17,"[{'text': 'VacunaciÃ³n', 'indices': [171, 182]}, {'text': 'SanidadPÃºblica', 'indices': [183, 198]}, {'text': 'SanidadBierzo', 'indices': [199, 213]}]","ğŸ”´ El PSOE analiza la preocupante situaciÃ³n de la sanidad en el Bierzo y exige a la Junta respuestas urgentes en el plan de vacunaciÃ³n para proteger a los mÃ¡s vulnerables.
#VacunaciÃ³n #SanidadPÃºblica #SanidadBierzo 
â¬‡ï¸â¬‡ï¸â¬‡ï¸
https://t.co/dcYd8y4SqX"
163,2021-03-31 12:31:56,Lamm88337899,1341498171051139073,"Madrid, Comunidad de Madrid",1377237225272905733,0,0,[],"@SrCuevas1974 @Maksei1 @Alberto_Azote @sanchezcastejon EspaÃ±a incumple el objetivo de vacunar al 80% de los mayores de 80 aÃ±os en marzo. Era el primer objetivo de vacunaciÃ³n impuesto https://t.co/R5oapWs64C
Ya le estoy esperando...."
164,2021-03-31 12:29:59,pacoredondo,239050967,"Asturias, EspaÃ±a.",1377236733742485505,0,0,[],"ASÃ VA LA CURVA DEL CORONAVIRUS EN ASTURIAS

Situados en una meseta de contagios, con menos muertos entre los mayores por la vacunaciÃ³n

https://t.co/3BLz5YBWGy https://t.co/7x1g9q2buB"
165,2021-03-31 12:26:30,vidaaustera,56226778,MADRID - SPAIN,1377235857179049984,0,0,"[{'text': 'COVID', 'indices': [52, 58]}]","â­•ï¸ Para los adolescentes todo es eficaz , el propio #COVID no les afecta , que timo es este?

La vacuna segun Pfizer-BioNTech es eficaz al 100% en adolescentes, segÃºn un estudio 

https://t.co/42a8dpqYDR"
166,2021-03-31 12:26:24,el_pais,7996082,Madrid,1377235831904174083,17,8,[],"ğŸ“º TV en DIRECTO | La ministra de Sanidad, sobre AstraZeneca: â€œSiguiendo las indicaciones, reanudamos la vacunaciÃ³n hace dos lunes y estamos a la espera de que la prÃ³xima semana podamos tener alguna consideraciÃ³n de la Agencia Europea del Medicamentoâ€ https://t.co/3y2iDWUX64 https://t.co/qZTIm6y9Hu"
167,2021-03-31 12:22:59,NoticiasdeAlava,291276198,Vitoria-Gasteiz,1377234969685340163,2,0,[],La vacuna de Pfizer-BioNTech tiene una eficacia del 100% en adolescentes https://t.co/dVQNvd7YgP
168,2021-03-31 12:19:56,juanlujanm,110735716,Alicante,1377234203625021442,0,0,[],"Pfizer anuncia que su vacuna es eficaz al 100% en adolescentes

https://t.co/LannQDrgf6"
169,2021-03-31 12:16:58,RadioLeonSER,461833396,LeÃ³n - EspaÃ±a,1377233456623722500,3,1,[],"â€¼ï¸ VacunaciÃ³n masiva este sÃ¡bado en LeÃ³n para los nacidos en 1956 y 1957

AquÃ­ tienes todos los detalles ğŸ‘‡

https://t.co/xgfuOanmxr"
170,2021-03-31 12:15:03,_infoLibre,603884167,Madrid,1377232973846753290,17,10,[],La vacuna de Pfizer y BioNTech muestra un 100% de eficacia en adolescentes https://t.co/x8OT2qdD5j https://t.co/8QKQubz4GQ
171,2021-03-31 12:11:58,torrent_carlos,3613620616,"Alicante, EspaÃ±a",1377232197556576267,0,0,[],@AlvarezAdelaida @nacholaisla @manueljabois @el_pais Alemania solo vacunarÃ¡ con AstraZeneca a mayores de 60 aÃ±os  -  https://t.co/EsselxGlwq
172,2021-03-31 12:10:50,heraldoes,15581283,"AragÃ³n, EspaÃ±a",1377231914554245120,12,3,[],ğŸ‘‰ Pfizer-BioNTech dice que su vacuna tiene 100% de efectividad en adolescentes https://t.co/op9DVOslwk
173,2021-03-31 12:10:42,locodelpelorojo,18627726,Madrid,1377231881251487745,0,0,[],"DÃ­az Ayuso reconoce que se para la vacunaciÃ³n para mayores de 80 aÃ±os, que volverÃ¡ el lunes
https://t.co/GfpyKkqQ1g"
174,2021-03-31 12:08:52,ahoraclm,4132827383,Castilla-La Mancha,1377231419714514947,0,0,[],"En la tarde de este miÃ©rcoles

Comienza la vacunaciÃ³n contra la Covid en personas de entre 56 y 65 aÃ±os

https://t.co/mE4WchJ2Os a travÃ©s de @AhoraCLM https://t.co/7sdZIfAkYc"
175,2021-03-31 12:08:04,NoticiasNavarra,23061724,"Pamplona, Navarra",1377231218719211526,0,0,[],"La vacuna de Pfizer-BioNTech tiene una eficacia del 100% en adolescentes
https://t.co/3E41s3QgvV"
176,2021-03-31 12:06:40,epmediterraneo,230803697,"CastellÃ³n, EspaÃ±a",1377230865433047040,1,0,[],"Puig reconoce que cada dÃ­a que pasa la Comunitat ""va a un ritmo inferior"" del que le gustarÃ­a en la vacunaciÃ³n https://t.co/Wu3NVyCT3w"
177,2021-03-31 12:06:11,CopeBurgos,793548157,"Burgos, EspaÃ±a",1377230742384689154,0,0,"[{'text': 'AUDIO', 'indices': [0, 6]}, {'text': 'Burgos', 'indices': [87, 94]}]","#AUDIO â–¶ï¸ Herrera en COPE 31-03-21. ğŸ“»

Te contamos cÃ³mo serÃ¡ la vacunaciÃ³n ğŸ’‰ masiva en #Burgos capital a los nacidos en 1956 y analizamos si puedes recurrir una multa ğŸš« por el 'foto rojo' al saltarte un semÃ¡foro ğŸš¦ en Burgos. ğŸ‘‡

https://t.co/aUNCKxovIt"
178,2021-03-31 12:05:58,rev_escaparate,556014591,La Rioja y Navarra,1377230686499844096,0,1,"[{'text': 'Calahorra', 'indices': [98, 108]}]","ğŸ’‰ La prÃ³xima semana comenzarÃ¡ la vacunaciÃ³n a la poblaciÃ³n de 60-65 aÃ±os en Fundacion Hospital De #Calahorra. Recordamos que este fin de semana se continÃºa con la 2Âª Dosis en el pabellÃ³n Europa 
â•â„¹ï¸â¡ï¸ https://t.co/wI6zJgzCIc"
179,2021-03-31 12:00:38,jatirado_oc,1034559695808356352,"Madrid, Comunidad de Madrid",1377229345115148289,0,1,"[{'text': 'Coronavirus', 'indices': [0, 12]}, {'text': 'EstadosUnidos', 'indices': [13, 27]}]","#Coronavirus #EstadosUnidos La vacuna de Pfizer-BioNTech es eficaz al 100% en adolescentes, segÃºn un estudio https://t.co/hNQoAHbP7Q https://t.co/NlBzMEbd3q"
180,2021-03-31 11:58:03,heraldoes,15581283,"AragÃ³n, EspaÃ±a",1377228697573453828,4,4,"[{'text': 'covid19', 'indices': [110, 118]}]","ğŸ”µ GuÃ­a de vacunaciÃ³n en AragÃ³n: cuÃ¡ndo, quÃ© grupos, con quÃ© vacunas y cÃ³mo pedir cita https://t.co/OVKlHFhV3c #covid19"
181,2021-03-31 11:56:35,cpuertollano,550338533,Puertollano,1377228325794512898,1,1,[],Castilla-La Mancha arranca este miÃ©rcoles la vacunaciÃ³n â€œmasiva pero controladaâ€ de la poblaciÃ³n de entre 56 y 65 aÃ±os - 31/03/2021 RegiÃ³n | Diario La Comarca de Puertollano https://t.co/AMTWBjCzPW
182,2021-03-31 11:56:19,ElDigitalAB,1219839072,"Albacete, EspaÃ±a",1377228259155439616,0,0,[],"Termina la vacunaciÃ³n de docentes en Castilla-La Mancha: ""que no duden, hay que vacunarse"" - https://t.co/kQeEcKNI2e"
183,2021-03-31 11:56:02,eldigitaldecr,969564416516743168,"Ciudad Real, EspaÃ±a",1377228190276579329,0,0,[],"Termina la vacunaciÃ³n de docentes en Castilla-La Mancha: ""que no duden, hay que vacunarse"" - https://t.co/gDfL2tcGZh"
184,2021-03-31 11:52:31,funesbeto,127650752,Argentina EspaÃ±a ,1377227305244889090,1,0,[],"Pfizer y BioNTech anuncian eficacia del 100% de su vacuna contra el coronavirus en adolescentes y una robusta respuesta en forma de anticuerpos, superiores a los registrados anteriormente con participantes de edades entre 16 y 25 aÃ±os https://t.co/FcDXOIMBAl"
185,2021-03-31 11:52:31,notablefunes,1343323158359769088,Argentina EspaÃ±a,1377227303084769280,1,2,[],"Pfizer y BioNTech anuncian eficacia del 100% de su vacuna contra el coronavirus en adolescentes y una robusta respuesta en forma de anticuerpos, superiores a los registrados anteriormente con participantes de edades entre 16 y 25 aÃ±os https://t.co/xp8kKbF7EH"
186,2021-03-31 11:52:02,eldigitaldecr,969564416516743168,"Ciudad Real, EspaÃ±a",1377227183047983104,0,0,[],Castilla-La Mancha arranca este miÃ©rcoles la vacunaciÃ³n â€œmasiva pero controladaâ€ de la poblaciÃ³n de entre 56 y 65 aÃ±os - https://t.co/A3uSDQNWep
187,2021-03-31 11:50:02,ElDigitalAB,1219839072,"Albacete, EspaÃ±a",1377226677189771268,2,1,[],Castilla-La Mancha arranca este miÃ©rcoles la vacunaciÃ³n â€œmasiva pero controladaâ€ de la poblaciÃ³n de entre 56 y 65 aÃ±os - https://t.co/SC9iOHRRvn
188,2021-03-31 11:46:31,jciragorri,39313353,Madrid,1377225794926358535,19,11,"[{'text': 'ÃšltimaHora', 'indices': [0, 11]}]",#ÃšltimaHora.- La vacuna de la Pfizer y BioNTech tiene una eficacia del 100% en jÃ³venes de entre 12 y 15 aÃ±os. https://t.co/cm8o6QP9lR
189,2021-03-31 11:45:48,CuestacRaquel,956478757086400512,"Madrid, Comunidad de Madrid",1377225611832406017,0,0,[],Alemania solo vacunarÃ¡ con AstraZeneca a mayores de 60 aÃ±os via @el_pais https://t.co/MYNGeEVzYs
190,2021-03-31 11:42:13,HinojosMigueca,296250581,En EspaÃ±a,1377224709591474180,0,0,[],Madrid vacuna a toda velocidad: en tres dÃ­as se han agotado las dosis de una semana https://t.co/foCuiyZAS1 a travÃ©s de @Moncloa_com
191,2021-03-31 11:41:00,NotGip,226611875,Gipuzkoa,1377224404338270210,0,0,"[{'text': 'Coronavirus', 'indices': [13, 25]}]","ğŸ’‰ [Gipuzkoa. #Coronavirus] El polideportivo de Artaleku de Irun va a formar parte de la red de centros de vacunaciÃ³n masiva que @osakidetzaEJGV estÃ¡ repartiendo por distintos puntos del territorio

https://t.co/udhLGtOUJE"
192,2021-03-31 11:39:50,NueveCuatroUno,374671472,"LogroÃ±o, La Rioja, EspaÃ±a",1377224113513725954,3,2,"[{'text': 'Coronavirus', 'indices': [0, 12]}]",#Coronavirus | La Rioja prevÃ© vacunar a 15.000 personas durante la Semana Santa. https://t.co/PJLySuSFF9
193,2021-03-31 11:35:09,luismiUnizar,1888149788,"Zaragoza, EspaÃ±a",1377222933714763779,2,0,[],Buenas noticias https://t.co/E4UdzK2LZb
194,2021-03-31 11:34:50,HinojosMigueca,296250581,En EspaÃ±a,1377222854161338368,0,0,[],La vacuna de Pfizer muestra un 100% de efectividad en adolescentes https://t.co/JKhU9ZeEPy a travÃ©s de @elindepcom
195,2021-03-31 11:22:26,popularesgijon,116724203,Gijon,1377219732303179781,6,1,[],"ğŸ—ï¸ @lanuevaespana "" @popularesgijon urge la vacunaciÃ³n de las plantillas de bomberos y PolicÃ­a Local"".

https://t.co/oX6zvS1BK2"
196,2021-03-31 11:21:06,el_pais,7996082,Madrid,1377219396268126211,12341,3693,[],ğŸ”´ÃšLTIMA HORA | Pfizer anuncia un 100% de eficacia de su vacuna en menores de 12 a 15 aÃ±os https://t.co/Zwm4y12rdw https://t.co/bP6B35XivF
197,2021-03-31 11:18:41,tiramillas,21645450,Madrid,1377218788366684160,27,9,[],ğŸ’‰ Julia Otero ya ha recibido la vacuna contra el coronavirus por ser paciente oncolÃ³gico ğŸ‘ğŸ’ª https://t.co/IPsNe7F6yp
198,2021-03-31 11:11:39,SEGREcom,211265924,Lleida,1377217020010377217,5,1,[],"â€¼ ÃšLTIMA HORA | La vacuna de Pfizer muestra un 100% de eficacia en adolescentes, segÃºn un estudio https://t.co/HRjnI6oEr2"
199,2021-03-31 11:07:48,InakidelasHeras,309653563,Madrid,1377216049045733378,1,0,[],"""Vacuna o paro"". AquÃ­ la entrevista de @MiguelValverde4 con el presidente de la patronal https://t.co/vm1mCbEtJk"
200,2021-03-31 11:06:55,elindepcom,743456072673992704,"Madrid, Comunidad de Madrid",1377215829335506948,34,15,[],ğŸ”´ ÃšLTIMA HORA | La vacuna de Pfizer muestra un 100% de efectividad en adolescentes https://t.co/zSPx4irA49
201,2021-03-31 11:06:34,ElDigitalAB,1219839072,"Albacete, EspaÃ±a",1377215737954189313,0,0,[],CORONAVIRUS |Â Sanidad y comunidades autÃ³nomas acuerdan que la vacuna de AstraZeneca se administre a trabajadores esenciales mayores de 65 aÃ±os - https://t.co/OocBTQUldN
202,2021-03-31 11:04:28,Gacetinmadrid,711593651546226688,"Comunidad de Madrid, EspaÃ±a",1377215211086753802,2,0,"[{'text': 'Madrid', 'indices': [123, 130]}, {'text': 'Salud', 'indices': [131, 137]}, {'text': 'VacunaciÃ³nMadrid', 'indices': [138, 155]}, {'text': 'CoronavirusMadrid', 'indices': [156, 174]}, {'text': 'COVID19', 'indices': [175, 183]}]","La vacunaciÃ³n a mayores de 80 se paraliza por Semana Santa, aunque continÃºa a otros grupos en el Wanda y el Isabel Zendal

#Madrid #Salud #VacunaciÃ³nMadrid #CoronavirusMadrid #COVID19 https://t.co/GZNVjrCPhf"
203,2021-03-31 11:00:17,servaldepenas,75067067,"ValdepeÃ±as, EspaÃ±a",1377214159574679553,0,0,"[{'text': 'AstraZeneca', 'indices': [73, 85]}]","ğŸ’‰ğŸ’‰ Tras terminar este miÃ©rcoles con la vacunaciÃ³n de la primera dosis de #AstraZeneca al profesorado. AdemÃ¡s, de manera paralela se sigue con la vacunaciÃ³n de los mayores de 80 aÃ±os 

https://t.co/LBBMVrLhdb"
204,2021-03-31 10:48:03,ElDigitalAB,1219839072,"Albacete, EspaÃ±a",1377211079143649283,1,0,[],Piden priorizar a los pacientes crÃ³nicos en la vacunaciÃ³n contra la COVID-19 - https://t.co/agC4ntABce
205,2021-03-31 10:40:07,Kastorsan,189983620,Bilbao,1377209083246354432,0,0,[],"Alemania solo vacunarÃ¡ con AstraZeneca a mayores de 60 aÃ±os. QuiÃ©n tendrÃ¡ razÃ³n, EspaÃ±a o Alemania?

https://t.co/BkufFmU7Ul"
206,2021-03-31 10:28:59,murcia_com,2773556222,Murcia (EspaÃ±a),1377206283405832192,0,0,"[{'text': 'YoMeVacuno', 'indices': [41, 52]}, {'text': 'salud', 'indices': [77, 83]}]","Por mÃ­, por ti y por todas las personas, #YoMeVacuno
https://t.co/9xpDt9ZJ6N
#salud"
207,2021-03-31 10:27:37,pp_latina,3900814132,"Madrid, Comunidad de Madrid",1377205937749045249,5,4,[],"â€¼ï¸ *ATENCIÃ“N* â€¼ï¸

ğŸ”´ Pablo Iglesias cerrarÃ­a el hospital Isabel Zendal si llegara al gobierno de la Comunidad de Madrid. 

El salvavidas madrileÃ±o frente al COVID-19, el lugar de vacunaciÃ³n, la referencia internacional. https://t.co/W0diiOrcXC"
208,2021-03-31 10:17:09,Gacetinmadrid,711593651546226688,"Comunidad de Madrid, EspaÃ±a",1377203305324118019,3,2,"[{'text': 'Madrid', 'indices': [123, 130]}, {'text': 'Salud', 'indices': [131, 137]}, {'text': 'VacunaciÃ³nMadrid', 'indices': [138, 155]}, {'text': 'CoronavirusMadrid', 'indices': [156, 174]}, {'text': 'COVID19', 'indices': [175, 183]}]","La vacunaciÃ³n a mayores de 80 se paraliza por Semana Santa, aunque continÃºa a otros grupos en el Wanda y el Isabel Zendal

#Madrid #Salud #VacunaciÃ³nMadrid #CoronavirusMadrid #COVID19
https://t.co/GZNVjrCPhf"
209,2021-03-31 10:15:03,_infoLibre,603884167,Madrid,1377202774828584962,2,1,[],Sanidad y comunidades acuerdan que la vacuna de AstraZeneca se administre a trabajadores esenciales mayores de 65 aÃ±os https://t.co/EDkey7XZmt https://t.co/HyosIRFB9N
210,2021-03-31 10:08:29,AmigosDelPP,217735647,"Madrid, EspaÃ±a",1377201122864205824,0,0,"[{'text': 'COVID19', 'indices': [148, 156]}, {'text': 'AyusoPresidenta', 'indices': [211, 227]}, {'text': 'YoConAyuso', 'indices': [228, 239]}]","â€¼ï¸ATENCIÃ“Nâ€¼ï¸

ğŸ”´ @PabloIglesias cerrarÃ­a el hospital Isabel Zendal si llegara al gobierno de la @ComunidadMadrid 

El salvavidas madrileÃ±o frente al #COVID19, el lugar de vacunaciÃ³n, la referencia internacional.
#AyusoPresidenta #YoConAyuso 
ğŸ“° https://t.co/mGMImhy0DD"
211,2021-03-31 09:53:53,Inf_Benidorm,2282404014,Benidorm (Alicante),1377197450444869635,0,0,[],â€œPasaporteâ€ de vacunaciÃ³n del coronavirus: quÃ© es y cÃ³mo solicitarlo https://t.co/lx4igZwPlN
212,2021-03-31 09:45:04,_infoLibre,603884167,Madrid,1377195229208535040,17,13,[],"El Sindicato de EnfermerÃ­a califica el primer trimestre de vacunaciÃ³n en EspaÃ±a de ""muy preocupante"" por la poca poblaciÃ³n inmunizada https://t.co/AuUJzL0Bc7 https://t.co/r2QDOCn89X"
213,2021-03-31 09:44:56,RadioAlbacete,858362046,"Albacete, EspaÃ±a",1377195195637366785,2,2,[],CORONAVIRUS | Comienza la vacunaciÃ³n para los mayores de 56 aÃ±os https://t.co/86ymFzQllq
214,2021-03-31 09:41:58,sorianoticias,436581338,Soria,1377194448124264449,0,0,[],"Las guarderÃ­as privadas de Burgos denuncian no tener acceso a la vacuna y â€œser la Ãºnica parte de la EducaciÃ³n que se queda fueraâ€

https://t.co/g1zSdOVYUu"
215,2021-03-31 09:40:20,SERCLM,595408904,"Castilla-La Mancha, EspaÃ±a",1377194039443918850,0,0,[],Comienza la vacunaciÃ³n para los mayores de 56 aÃ±os https://t.co/GFKDXlsMpp a travÃ©s de @SER_Toledo
216,2021-03-31 09:39:24,alcoy,16579591,Alcoy,1377193803384168453,0,0,[],Diario InformaciÃ³n: â€œPasaporteâ€ de vacunaciÃ³n del coronavirus: quÃ© es y cÃ³mo solicitarlo https://t.co/2drdJPmsNK
217,2021-03-31 09:36:34,sorianoticias,436581338,Soria,1377193088981073920,0,0,[],"SATSE denuncia el retraso en la campaÃ±a de vacunaciÃ³n contra la Covid-19 en EspaÃ±a

https://t.co/UYzTsd2GjP"
218,2021-03-31 09:34:34,CruisesNewsMG,103879454,Madrid,1377192588348948480,0,0,"[{'text': 'cruceros', 'indices': [72, 81]}, {'text': 'vacunacovid', 'indices': [82, 94]}, {'text': 'WindstarCruises', 'indices': [95, 111]}]",Windstar Cruises requerirÃ¡ un certificado de vacunaciÃ³n a sus pasajeros #cruceros #vacunacovid #WindstarCruises https://t.co/odMcEn16Jn
219,2021-03-31 09:33:04,AlicanteDirecto,949233397540548610,"Alicante, EspaÃ±a",1377192210681110530,0,0,"[{'text': 'AlicanteDirecto', 'indices': [115, 131]}, {'text': 'Noticias', 'indices': [132, 141]}, {'text': 'Alicante', 'indices': [142, 151]}, {'text': 'Alacant', 'indices': [152, 160]}, {'text': 'Fiestas', 'indices': [161, 169]}, {'text': 'Eventos', 'indices': [170, 178]}]",Noticias de Alicante: â€œPasaporteâ€ de vacunaciÃ³n del coronavirus: quÃ© es y cÃ³mo solicitarlo https://t.co/XtJeA49LvQ #AlicanteDirecto #Noticias #Alicante #Alacant #Fiestas #Eventos
220,2021-03-31 09:27:23,Miciudadreal_es,22492391,Ciudad Real - EspaÃ±a,1377190780692000771,0,0,[],Sanidad y CCAA acuerdan que la vacuna de AstraZeneca se administre a trabajadores esenciales mayores de 65 aÃ±os https://t.co/49m3D8oYa6
221,2021-03-31 09:23:54,RadioMadrid,246774887,Madrid,1377189905118461954,2,2,[],"Ayuso responde a las crÃ­ticas sobre la vacunaciÃ³n: ""En Semana Santa seguirÃ¡ adelante en el Wanda y el Zendal""

https://t.co/YLJjqy4dHN"
222,2021-03-31 09:21:00,NotGip,226611875,Gipuzkoa,1377189172243353609,1,1,"[{'text': 'Coronavirus', 'indices': [10, 22]}]","ğŸ’‰ [Rusia. #Coronavirus] Se espera que la producciÃ³n a escala industrial de la vacuna ""empiece en abril"" en una de las plantas del Centro Federal para la ProtecciÃ³n de la Salud Animal

https://t.co/OUrnT0AiYS"
223,2021-03-31 09:20:27,bizkaiagaur,3020101313,"Bizkaia, PaÃ­s Vasco",1377189036448653315,0,0,[],"MÃ¡s de 100.000 personas han completado el ciclo de vacunaciÃ³n.  

https://t.co/zKNRoojj24"
224,2021-03-31 09:18:39,gipuzkoagaur,3395219781,"San SebastiÃ¡n, EspaÃ±a",1377188582054449160,0,0,[],"MÃ¡s de 100.000 personas han completado el ciclo de vacunaciÃ³n. 

https://t.co/annwD7psGO"
225,2021-03-31 09:17:34,Pablolinde,66485971,Madrid,1377188309676523520,19,10,[],Todos los paÃ­ses de nuestro entorno han eliminado el lÃ­mite de edad para vacunar con AstraZeneca. Algunos estÃ¡n aplicÃ¡ndola solo a mayores. EspaÃ±a estÃ¡ sola en su estrategia de inocular este suero a menores de 65 y es muy difÃ­cil entender por quÃ© https://t.co/Pe7oe2qUuK
226,2021-03-31 09:11:00,NotGip,226611875,Gipuzkoa,1377186655681974272,0,0,"[{'text': 'Coronavirus', 'indices': [16, 28]}]","ğŸ’‰ [AstraZeneca. #Coronavirus] El cambio ha sido aprobado por la  Agencia Europea de Medicamentos tras una solicitud de la farmacÃ©utica

https://t.co/E236xNCkrU"
227,2021-03-31 09:10:57,MiguelJaraBlog,382156736,Madrid-Spain,1377186644885835785,19,28,[],Alemania para de nuevo la vacunaciÃ³n con AstraZeneca tras nueve muertes por trombos https://t.co/2R9GJSYdbL
228,2021-03-31 09:04:03,SEGREcom,211265924,Lleida,1377184908804714510,1,1,[],La ComisiÃ³n de Salud PÃºblica acuerda que vacuna de AstraZeneca se administre a trabajadores esenciales mayores de 65 aÃ±os https://t.co/2Tcgd6z7pO
229,2021-03-31 08:55:49,ppmadrid,18979745,"Comunidad de Madrid, EspaÃ±a",1377182837758025737,144,116,[],"â€¼ï¸ATENCIÃ“Nâ€¼ï¸

Pablo Iglesias cerrarÃ­a el hospital Isabel Zendal si llegara al gobierno de la Comunidad de Madrid. 

El salvavidas madrileÃ±o frente al COVID-19, el lugar de vacunaciÃ³n, la referencia internacional. 

https://t.co/sSH83mkEkI"
230,2021-03-31 08:48:34,tiramillas,21645450,Madrid,1377181011025350665,20,6,[],ğŸ’‰ La vacuna de AstraZeneca cambia de nombre: Â¿por quÃ©? https://t.co/TUkNr3jvDo
231,2021-03-31 08:44:54,jlprieto,7742252,"Madrid, EspaÃ±a",1377180086546231304,0,1,[],Lo de que la Comunidad de Madrid no vaya a poner ninguna vacuna esta semana desde maÃ±ana tengo muy claro que es para contribuir a esto: https://t.co/eTWZSRGI1j
232,2021-03-31 08:43:37,_lavozdecordoba,729588514443145216,"CÃ³rdoba, EspaÃ±a",1377179765770051820,1,1,[],Suspenso a la campaÃ±a de vacunaciÃ³n contra la covid-19 en el primer trimestre del aÃ±o https://t.co/5rIdQXv96q a travÃ©s de @_lavozdecordoba @Sindicato_SATSE
233,2021-03-31 08:36:17,BrainstormCarlo,4179893074,"Madrid, EspaÃ±a",1377177918774804486,2,1,[],"Dice El Mundo que la lentitud en la vacunaciÃ³n alimenta el euroescepticismo. 

Y es cierto.
https://t.co/efmpSTCVSP"
234,2021-03-31 08:31:15,el_pais_madrid,34688282,"Madrid, EspaÃ±a",1377176654657675265,3,1,[],"En el grupo de mÃ¡s de 80 aÃ±os, con 330.000 personas como poblaciÃ³n diana, hasta la pasada semana se habÃ­an administrado 307.902 vacunas de Pfizer: 202.832 primeras dosis y 105.070 ambas. Madrid tiene con la pauta completa al 31,8% de este grupo  https://t.co/aGFCo8jygE"
235,2021-03-31 08:22:42,cpuertollano,550338533,Puertollano,1377174501327208452,2,0,[],"IU-CLM pide ""mejorar los planes de vacunaciÃ³n"" y ""un calendario para la comunidad educativa de la regiÃ³n"" - 31/03/2021 RegiÃ³n | Diario La Comarca de Puertollano https://t.co/5IFc1rnomC"
236,2021-03-31 08:21:00,elindepcom,743456072673992704,"Madrid, Comunidad de Madrid",1377174074187653123,4,5,[],"ğŸ— EN PORTADA | CataluÃ±a, a la cola en la vacunaciÃ³n a mayores de 80 aÃ±os con un 37% de primeras dosis

Lo cuenta @cruelabis  

https://t.co/23OTLMDxMB"
237,2021-03-31 07:44:07,nauscopio,16629889,Tarragona,1377164793459564552,0,0,[],"CataluÃ±a, a la cola en la vacunaciÃ³n a mayores de 80 aÃ±os con un 37% de primeras dosis
https://t.co/VeAlhvsbm4"
238,2021-03-31 07:41:13,NoticiasdeAlava,291276198,Vitoria-Gasteiz,1377164061096300553,1,0,[],Rusia anuncia el registro de la primera vacuna contra el covid para animales https://t.co/TaIafvDCYs
239,2021-03-31 07:38:40,NoticiasdeAlava,291276198,Vitoria-Gasteiz,1377163419980206082,0,0,[],La vacuna de AstraZeneca cambia de nombre y pasa a llamarse Vaxzevria https://t.co/oZbHp2gnmA
240,2021-03-31 07:24:02,ElDigitalAB,1219839072,"Albacete, EspaÃ±a",1377159735963656196,0,2,[],Alemania restringe la vacuna de AstraZeneca hasta los 60 aÃ±os tras mÃ¡s de 30 nuevos casos de trombosis - https://t.co/wKja996guT
241,2021-03-31 07:22:14,deia_eus,107460646,Bilbao,1377159282613882891,1,1,"[{'text': 'vacuna', 'indices': [5, 12]}, {'text': 'coronavirus', 'indices': [73, 85]}]","ğŸ˜· La #vacuna de AstraZeneca cambia de nombre y pasa a llamarse Vaxzevria #coronavirus 
https://t.co/b2HkXbMcj0"
242,2021-03-31 07:20:22,diariolaopinion,129907921,RegiÃ³n de Murcia,1377158816685428737,1,2,[],"Macron y Merkel evalÃºan con Putin una posible colaboraciÃ³n sobre la vacuna Sputnik V
https://t.co/HdjuvmD8po"
243,2021-03-31 07:16:24,NoticiasNavarra,23061724,"Pamplona, Navarra",1377157816595537921,0,1,"[{'text': 'Navarra', 'indices': [71, 79]}, {'text': 'PositivosEnCoronavirus', 'indices': [80, 103]}, {'text': 'COVID19', 'indices': [104, 112]}]","La vacuna de AstraZeneca cambia de nombre y pasa a llamarse Vaxzevria 
#Navarra #PositivosEnCoronavirus #COVID19
https://t.co/D9YVqZoAJX"
244,2021-03-31 07:15:57,NoticiasNavarra,23061724,"Pamplona, Navarra",1377157701856161795,1,0,[],"Rusia anuncia el registro de la primera vacuna contra el covid para animales
https://t.co/sR3KiQbx03"
245,2021-03-31 07:06:59,mariajo_suarez,559841813,"Oviedo, EspaÃ±a",1377155445660340226,1,0,[],"â€œ... mientras que la pauta completa no llega a un tercio.â€
Efectivamente. Mi madre.

|VacunaciÃ³n: EspaÃ±a incumple el objetivo de vacunar al 80% de los mayores de 80 aÃ±os en marzo | Sociedad | EL PAÃS https://t.co/0M0uvNT1Y7"
246,2021-03-31 06:32:56,enriquefmiranda,834205868,Madrid. EspaÃ±a,1377146875816464386,10,7,[],"VacunaciÃ³n: EspaÃ±a incumple el objetivo de vacunar al 80% de los mayores de 80 aÃ±os en marzo | Sociedad | EL PAÃS ...el fracaso de la vacunaciÃ³n, uno mÃ¡s.... https://t.co/ZhAU9h7k5x"
247,2021-03-31 06:32:24,LogiNewsEs,1175160552,Madrid,1377146743335215110,0,0,[],OMS pide priorizar a tripulaciones aÃ©reas y marÃ­timas enÂ vacunaciÃ³n https://t.co/bzLC85sYQF
248,2021-03-31 06:30:30,el_pais,7996082,Madrid,1377146266505728003,425,253,[],EspaÃ±a incumple el objetivo de vacunar al 80% de los mayores de 80 aÃ±os en marzo. Era el primer objetivo de vacunaciÃ³n impuesto https://t.co/85mJqf5SO6
249,2021-03-31 06:26:46,NoticiasdeAlava,291276198,Vitoria-Gasteiz,1377145324611928065,0,1,[],"La campaÃ±a de vacunaciÃ³n masiva en Vitoria se desarrollarÃ¡ en el frontÃ³n de Lakua 
â¡ï¸Ãlava suma 97 casos mÃ¡s de covid y la incidencia se mantiene estable
https://t.co/ZqMHHlAokb"
250,2021-03-31 06:18:20,RafaelMabi,730280023152807936,"Granada, EspaÃ±a",1377143201627217920,0,0,[],"""Instituto Paul-Ehrlich,centro referencia vacunaciÃ³n Alemania,ha detectado 31 casos trombosis en personas que recibieron vacuna AstraZeneca,nueve de las cuales fallecieron"":EFECTOS ADVERSOS VACUNAS,QUE DEBIERON DETECTARSE EN FASE 3,PREVIA COMERCIALIZACION! https://t.co/KPxJGHMETy"
251,2021-03-31 06:13:05,visualPetronio,114511562,Madrid,1377141882875125761,1,1,"[{'text': 'VacunaciÃ³n', 'indices': [81, 92]}, {'text': 'COVIDãƒ¼19', 'indices': [117, 126]}]",EspaÃ±a incumple el objetivo de vacunar al 80% de los mayores de 80 aÃ±os en marzo #VacunaciÃ³n https://t.co/WiEP3GI2O5 #COVIDãƒ¼19
252,2021-03-31 06:02:42,diariolaopinion,129907921,RegiÃ³n de Murcia,1377139268489932800,3,4,"[{'text': 'Murcia', 'indices': [70, 77]}]","La vacunaciÃ³n de las personas de 64 y 65 aÃ±os arranca en la RegiÃ³n de #Murcia
https://t.co/dt9aot9jze"
253,2021-03-31 06:01:46,objetivotorre,132141185,Torrevieja,1377139036523880452,0,0,[],Los Verdes piden que se liberen las patentes para acelerar la vacunaciÃ³n masiva a nivelÂ mundial https://t.co/ZIadmeDdpF
254,2021-03-31 05:46:39,nicosangomez,354227253,Guadalajara (EspaÃ±a),1377135231333855234,0,0,[],Alemania solo administrarÃ¡ de manera general la vacuna AstraZeneca a mayores de 60 aÃ±os tras 31 casos de trombosis https://t.co/txe1QwUbPD
255,2021-03-31 05:42:42,angeltooooooooo,405815714,"Madrid, EspaÃ±a",1377134234771488782,0,0,[],VacunaciÃ³n: EspaÃ±a incumple el objetivo de vacunar al 80% de los mayores de 80 aÃ±os en marzo | Sociedad | EL PAÃSğŸ¤¦â€â™‚ï¸ https://t.co/y2OIqAOxoM
256,2021-03-31 05:24:10,AGSNorteHuelva,810811939806937090,"Minas de Riotinto, EspaÃ±a",1377129574211842049,2,0,[],"Diario de vacunaciÃ³n: 31/03/21
ğŸ’‰ &gt; 80 ğŸ‘´ğŸ¼ğŸ‘µğŸ» en todas nuestras zonas bÃ¡sicas de salud
ğŸ’‰ Inmovilizados ğŸ› en todas nuestras zonas bÃ¡sicas de salud https://t.co/QOXKNEmRK2"
257,2021-03-31 05:20:00,ValladolidSER,1192961881,Valladolid (EspaÃ±a),1377128522519437316,0,0,[],La Junta empieza el lunes la vacunaciÃ³n a la poblaciÃ³n de 65 aÃ±os en Valladolid https://t.co/VneoIJ5AUr
258,2021-03-30 23:18:31,MariCarmenLogon,777137197111705600,"Salamanca, EspaÃ±a",1377037552440336395,1,0,[],Alemania solo vacunarÃ¡ con AstraZeneca a mayores de 60 aÃ±os https://t.co/7VSwbg57TU a travÃ©s de @el_pais
259,2021-03-30 22:03:06,adrianmundano,432079834,Madrid,1377018573638529026,1,0,[],Gracias a @quiquepeinado por recordar la ayusada de la vacunaciÃ³n https://t.co/7O2edwBcbc
